<dictionaries>
	<itemCategories>
		<category id="1" color="0x88ff88" symbol="Us" icon="service">Usługi</category>
		<category id="2" color="0xff8888" symbol="Tow" icon="item">Towary</category>
		<category id="3" color="0xffff88" symbol="Trn" icon="transport">Koszty transportu</category>
	</itemCategories>
	<vatRates>
		<vatRate><id>1</id><symbol>22%</symbol><name>Stawka VAT 22%</name><value>22</value></vatRate>
		<vatRate><id>2</id><symbol>7%</symbol><name>Stawka VAT 7%</name><value>7</value></vatRate>
		<vatRate><id>3</id><symbol>0%</symbol><name>Stawka VAT 0%</name><value>0</value></vatRate>
		<vatRate><id>4</id><symbol>np</symbol><name>Nie podlega</name><value>0</value></vatRate>
		<vatRate><id>5</id><symbol>ex</symbol><name>Podatek eksportowy 0%</name><value>0</value></vatRate>
	</vatRates>
</dictionaries>