﻿<towary>
  <towar>Mini wykłady o maxi sprawach</towar>
  <towar>O co nas pytają - seria II</towar>
  <towar>O co nas pytają - seria I</towar>
  <towar>O co nas pytają - seria III</towar>
  <towar>Czlowiek to nie jest piękne zwierze</towar>
  <towar>Ten inny</towar>
  <towar>Europa</towar>
  <towar>Powstanie' 44</towar>
  <towar>Powstanie' 44</towar>
  <towar>Boże igrzysko</towar>
  <towar>Orzeł biały,czerwona gwiazda</towar>
  <towar>Kurier z Warszawy</towar>
  <towar>Wojna w Eterze</towar>
  <towar>1812.Wojna z Rosją</towar>
  <towar>Sztuka i piękno w średniowieczu</towar>
  <towar>Nowosielski</towar>
  <towar>Podróże z Ryszardem Kapuścińskim</towar>
  <towar>Pole magnetyczne.Miłosz i Brodski</towar>
  <towar>Podróże z filozofią w tle</towar>
  <towar>Ostatnia wieczerza</towar>
  <towar>Weiser Dawidek</towar>
  <towar>Madame</towar>
  <towar>Traktat o łuskaniu fasoli</towar>
  <towar>Kolonie</towar>
  <towar>Anna In w grobowcach świata</towar>
  <towar>Tym tylko byłem</towar>
  <towar>Ulisses</towar>
  <towar>Życie Pi</towar>
  <towar>Opowieści o niewidzialnym</towar>
  <towar>O pięknie</towar>
  <towar>Nowe przygody Mikołajka</towar>
  <towar>Księża wobec bezpieki?</towar>
  <towar>Pan raczy żartować panie Feynman</towar>
  <towar>Podróże z Herodotem</towar>
  <towar>Autoportret reportera</towar>
  <towar>Wspomnienia wojenne</towar>
  <towar>W ogrodzie pamięci</towar>
  <towar>Historyjki obrazkowe</towar>
  <towar>Przygody Stanisława z Łodzi</towar>
  <towar>Wiersze ostatnie</towar>
  <towar>Zimna wojna.Historia podzielonego świata</towar>
  <towar>Chłopięce lata</towar>
  <towar>Rwący nurt historii</towar>
  <towar>Stół z niepowyłamywanymi nogami</towar>
  <towar>Płomień wiecznośći.Eseje o myślach?</towar>
  <towar>Tabletki z krzyżykiem</towar>
  <towar>Niepokorne święte</towar>
  <towar>Potęga mitu</towar>
  <towar>Prorok na skale.Mylsi Jerzego Nowosielskiego</towar>
  <towar>Sześć przechadzek po lesie fikcji</towar>
  <towar>Co to są sepułki?Wszystko o Lemie.</towar>
  <towar>Białoruś - kartofle i dżinsy</towar>
  <towar>Kim jesteśmy?Wyzwania dla amerykańskiej?</towar>
  <towar>Oprawcy z Katynia</towar>
  <towar>Umiłowana</towar>
  <towar>Raport Badeni</towar>
  <towar>Ogień nad Chinami</towar>
  <towar>Niesformatowani</towar>
  <towar>Dziennik Irlandzki</towar>
  <towar>Przezroczystość</towar>
  <towar>Nietoksyczne rodzicielstwo</towar>
  <towar>Quest.Twoja droga do sukcesu</towar>
  <towar>Kochaj siebie,anieważne ,z kim się zwiążesz</towar>
  <towar>Miłość,seks i serce.Jak zadbać o zdrowie?</towar>
  <towar>Niwierne żony.Ukryte kobiece pragnienia</towar>
  <towar>Możesz zmienić swoje życie</towar>
  <towar>Jedynacy</towar>
  <towar>Płatek śniegu</towar>
  <towar>Gorączka.Opowiadania wyuzdane</towar>
  <towar>Jego orgazm pózniej</towar>
  <towar>Fitness,wellness a duchowość</towar>
  <towar>Nowa fizyka i kosmologia:Rozmowy z Dalajlamą</towar>
  <towar>Budda i miłość</towar>
  <towar>Duchowość ciała.Jak uleczyć ciało i duszę</towar>
  <towar>Kat miłości.Opowieści psychoterapeutyczne</towar>
  <towar>Perswazja.Sztuka wpływania na ludzi</towar>
  <towar>Poradnik na czas przełomu.O stresie,wypaleni i</towar>
  <towar>Pozosyać przy zdrowych zmysłach</towar>
  <towar>Psychologia perswazji.Strategie i techniki</towar>
  <towar>Sztuka porozumienia</towar>
  <towar>Toksyczni rodzice</towar>
  <towar>Żyć w rodzinie i przetrwać</towar>
  <towar>Żyć w tym świecie i przetrwać</towar>
  <towar>Zatrzymaj się</towar>
  <towar>Moje życie barbarzyńcy</towar>
  <towar>Opowieść o Blanche i Marie</towar>
  <towar>Limeryki</towar>
  <towar>Mój przyjaciel zdrajca</towar>
  <towar>Jej orgazm najpierw</towar>
  <towar>Miłosny potencjał mężczyzny.Miłość uzdrawiająca</towar>
  <towar>Sekrety wielokrotnych orgazmów</towar>
  <towar>Tantra.Sztuka świadomego kochania</towar>
  <towar>Ken Wilber-Pasja myślenia</towar>
  <towar>Psychologia integralna.Świadomość,duch</towar>
  <towar>Tu i teraz.Myśli na każdy dzień</towar>
  <towar>Jak być lubianym</towar>
  <towar>Architektura. Style i detale.</towar>
  <towar>Biedermeier.Orzewodnik dla kolekcjonerów.</towar>
  <towar>Art. Deco.</towar>
  <towar>Drewno i architektura.</towar>
  <towar>Encyklopedia nowoczesnych wnętrz.</towar>
  <towar>Malarstwo polskie.Realizm,naturalizm.</towar>
  <towar>Moda kobieca XX wieku.</towar>
  <towar>Mosty.Trzy tysiące lat zmagań z naturą</towar>
  <towar>Nowy podręcznik fotografii</towar>
  <towar>Ogród ziół.</towar>
  <towar>Planeta mórz.</towar>
  <towar>Podstawy ceramiki</towar>
  <towar>Rezydencje-muzea w Polsce</towar>
  <towar>Samuraje</towar>
  <towar>Secesja</towar>
  <towar>Skarby świata pod patronatem UNESCO</towar>
  <towar>Stare fotografie.Poradnik kolekcjonera.</towar>
  <towar>Stary Testament.Postacie i epizody</towar>
  <towar>W kręgu arcydzieł</towar>
  <towar>Warszawa Prusa i Gierymskiego</towar>
  <towar>Wolnomularstwo.Sekrety i symbole masonów</towar>
  <towar>Sztuka w dziejach człowieka</towar>
  <towar>Nowy Testament.Postacie i epizody</towar>
  <towar>Symbole i alegorie</towar>
  <towar>Aniołowie i demony</towar>
  <towar>Natura i jej symbole</towar>
  <towar>Astrologia,magia,alchemia</towar>
  <towar>Klimt.Życie i twórczość</towar>
  <towar>Tamara Łempicka</towar>
  <towar>Anioły.Wizerunki istot niebiańskich</towar>
  <towar>Twarze Boga</towar>
  <towar>Podróż dookoła świata</towar>
  <towar>Niezwykłe miejsca świata</towar>
  <towar>Królewskie pałace</towar>
  <towar>Cuda świata pod patronatem Unesco</towar>
  <towar>Toskania</towar>
  <towar>Historia architektury zachodniej</towar>
  <towar>Historia mody</towar>
  <towar>Płoty i płotki</towar>
  <towar>Piękne ogrody</towar>
  <towar>Staw w ogrodzie,fachowe rady</towar>
  <towar>Podręcznik projektowania</towar>
  <towar>Erich Maria Remarque Ostatni romantyk</towar>
  <towar>Zły Tyrmand</towar>
  <towar>Kisielewscy</towar>
  <towar>Starzyński. Legionista</towar>
  <towar>Powróćmy jak za dawnych lat</towar>
  <towar>Twierdze kresowe Rzeczypospolitej</towar>
  <towar>Podróże bliższe i dalsze</towar>
  <towar>Służby specjalne</towar>
  <towar>Pamiętniki Wojna i rewolucja</towar>
  <towar>Z pamięci</towar>
  <towar>Prawem i lewem</towar>
  <towar>Życie Polskie w dawnych wiekach</towar>
  <towar>Ucieczki z Sybiru</towar>
  <towar>Polacy na kremlu i inne historyje</towar>
  <towar>Silva rerum historicarum</towar>
  <towar>Sztuka kochania</towar>
  <towar>Hobbit</towar>
  <towar>Dom Towarowy Bracia Jabłkowscy</towar>
  <towar>Na rogu świata i nieskończoności</towar>
  <towar>Alfabet Wybór z pamięci</towar>
  <towar>Słówka</towar>
  <towar>Przy szabasowych świecach</towar>
  <towar>Przy szabasowych świecach.Wieczór II</towar>
  <towar>Rysunki i aforyzmy</towar>
  <towar>Seks i polityka</towar>
  <towar>Tylko dla dorosłych</towar>
  <towar>Wiersze i rysunki</towar>
  <towar>Barbarzyńska Europa</towar>
  <towar>Bohema Życie paryskie j cygnerii</towar>
  <towar>Dzienniki</towar>
  <towar>Król Tatr z Mokotowskiej 8</towar>
  <towar>Starszy Pan A</towar>
  <towar>Rodzina Toeplitzów</towar>
  <towar>Saga rodu Słonimskich</towar>
  <towar>Oni</towar>
  <towar>Wołanie w górach</towar>
  <towar>Przygoda bycia Polakiem</towar>
  <towar>Art. Deco. Przewodnik dla kolekcjonerów</towar>
  <towar>Produkcja ziemniaków</towar>
  <towar>Instytucjonalizacja rynku rolnego w Polsce</towar>
  <towar>Pojazdy i ciągniki rolnicze</towar>
  <towar>Technologia produkcji buraka cukrowego</towar>
  <towar>Fizjologia i farmakoterapia zaburzeń behawioralnych upsów i kotów</towar>
  <towar>Rynki i technologie produkcji roślin uprawnych</towar>
  <towar>Technologia produkcji rzepaku</towar>
  <towar>Zarys anatomii zwierząt domowych</towar>
  <towar>Suszenie i parowanie drewna</towar>
  <towar>Technologia produkcji kukurydzy</towar>
  <towar>Odporność owadów na insektycydy</towar>
  <towar>Ekonomika i technologia produkcji ziemniaków skrobiowych</towar>
  <towar>Produkcjia i rynek ziemniaków jadalnych</towar>
  <towar>Produkcja i rynek zbóż</towar>
  <towar>Słoma energetyczne paliwo</towar>
  <towar>Biopaliwa</towar>
  <towar>Dziko rosnące Róże Europy</towar>
  <towar>Drzewa i krzewy Iglaste</towar>
  <towar>Byliny okrywowe i runa leśnego</towar>
  <towar>Trawy, turzyce, sity, kosmatki</towar>
  <towar>Rosliny wodne i wilgociolublne</towar>
  <towar>Byliny rabatowe</towar>
  <towar>Paprocie</towar>
  <towar>Rośliny cebulowe</towar>
  <towar>Byliny w ogrodzie skalnym</towar>
  <towar>Produkcja ryb w małych zbiornikach</towar>
  <towar>Rybactwo stawowe</towar>
  <towar>Podstawy chowu królikiów</towar>
  <towar>Chów i hodowla nutrii</towar>
  <towar>Chów drobiu</towar>
  <towar>Drób ozdobny</towar>
  <towar>Bażanty</towar>
  <towar>Drobiarstwo niekonwencjonalne</towar>
  <towar>Żywienie i wychów cieląt i jałówek hodowlanych</towar>
  <towar>Chów kóz</towar>
  <towar>Życie wśród roślin,wiosna, lato, jesień, zima</towar>
  <towar>Żywność lekarstwem</towar>
  <towar>Własny koń</towar>
  <towar>Zagrażają roślinom w domu na balkonie w ogrodku.</towar>
  <towar>Jak zostać akwarystą</towar>
  <towar>Praca z końmi od podstaw</towar>
  <towar>Beagle</towar>
  <towar>Gekony</towar>
  <towar>Akwarium morskie</towar>
  <towar>Akwarystyczne osobliwości</towar>
  <towar>Słodkowodne akwarium ozdobne</towar>
  <towar>Podręczny atlas szkodników rzepaku</towar>
  <towar>Podręczny atlas chorób rzepaku</towar>
  <towar>Podręczny atlas szkodników pszenicy</towar>
  <towar>Kieszonkowy atlas chorób pszenicy</towar>
  <towar>Technologia produkcji pszenicy ozimej</towar>
  <towar>Szkodniki krzewów owocowych</towar>
  <towar>Choroby drzew owocowych</towar>
  <towar>Uprawa czereśni karłowych</towar>
  <towar>Uprawa truskawek w polu i pod osłonami</towar>
  <towar>Uprawa brzoskwiń i moreli</towar>
  <towar>Uprawa śliw</towar>
  <towar>Uprawa gruszy</towar>
  <towar>Parch jabłoni</towar>
  <towar>Zwójkówki w sadach</towar>
  <towar>Szkodniki drzew owocowych</towar>
  <towar>Choroby krzewów owocowych</towar>
  <towar>Uprawa truskawek pod osłonami</towar>
  <towar>Zaburzenia wzrostu i rozwoju pomidora</towar>
  <towar>Choroby i szkodniki papryki</towar>
  <towar>Choroby i szkodniki pomidora w polu i pod osłonami</towar>
  <towar>Choroby i szkodniki warzyw korzeniowych</towar>
  <towar>Choroby i szkodniki warzyw cebulowych</towar>
  <towar>Odmiany warzyw. Uprawy pod osłonami 2007 - 2008</towar>
  <towar>Odmiany warzyw. Uprawy polowe</towar>
  <towar>Uprawa kapusty pekińskiej</towar>
  <towar>Uprawa sałaty w polu i pod osłonami</towar>
  <towar>Uprawa marchwi</towar>
  <towar>Integrowana Produkcja marchwi</towar>
  <towar>Uprawa kukurydzy cukrowej</towar>
  <towar>Uprawa papryki w polu</towar>
  <towar>Uprawa kapusty białej, czerwonej i włoskiej</towar>
  <towar>Uprawa rzodkiewki w polu i pod osłonami</towar>
  <towar>Uprawa ogórków w polu i pod nieogrzewanymi osłonami</towar>
  <towar>Uprawa cebuli</towar>
  <towar>Nawożenie warzyw polowych</towar>
  <towar>Nawadnianie warzyw polowych</towar>
  <towar>Choroby i szkodniki warzyw kapustnych</towar>
  <towar>Uprawa pomidorów polowych</towar>
  <towar>Ochrona roślin rabatowych i balkonowych</towar>
  <towar>Szkodniki ozdobnych drzew liściastych</towar>
  <towar>Choroby ozdobnych drzew liściastych</towar>
  <towar>Ochrona drzew i krzewów iglastych</towar>
  <towar>Ochrona ozdobnych krzewów liściastych</towar>
  <towar>Ochrona roślin wrzosowatych</towar>
  <towar>Ochrona ozdobnych pnączy</towar>
  <towar>Ochrona róż</towar>
  <towar>Ochrona chryzantem</towar>
  <towar>Ochrona bylin</towar>
  <towar>Ochrona ozdobnych roślin cebulowych</towar>
  <towar>Róże dziko rosnące Polski</towar>
  <towar>Żywopłoty</towar>
  <towar>Uprawa roślin balkonowych i tarasowych</towar>
  <towar>Magnolie</towar>
  <towar>Ewidencja zabiegów ochrony roślin</towar>
  <towar>Wierzba energetyczna</towar>
  <towar>Technika opryskiwania roślin</towar>
  <towar>Popularny atlas chwastów</towar>
  <towar>Program ochrony roślin sadowniczych</towar>
  <towar>Program ochrony warzyw w polu i pod osłonami</towar>
  <towar>Program ochrony roślin ozdobnych na lata 2006-2007</towar>
  <towar>Program ochrony rzepaku na rok 2007</towar>
  <towar>Program ochrony pszenicy na rok 2007</towar>
  <towar>Program ochrony buraków cukrowych na rok 2007</towar>
  <towar>Program ochrony kukurydzy na rok 2007</towar>
  <towar>Program ochrony ziemniaków na rok 2007</towar>
  <towar>Bakteryjne choroby roślin ogrodniczych</towar>
  <towar>Chirurgia małych zwierząt</towar>
  <towar>Choroby królików.Podstawy chowu i hodowli</towar>
  <towar>Choroby pszczół</towar>
  <towar>Choroby zakaźne psów i kotów</towar>
  <towar>Dziczyzna jako źródło żywności</towar>
  <towar>Ekologiczne podstawy hodowli lasu</towar>
  <towar>Fitopatologia leśna</towar>
  <towar>Gleboznastwo</towar>
  <towar>Herbicydy</towar>
  <towar>Hodowla koni</towar>
  <towar>Klasyfikacja surowca drzewnego w Polsce</towar>
  <towar>Marketing produktów żywnościowych</towar>
  <towar>Ochrona przyrody w lasach</towar>
  <towar>Odmianoznastwo i ocena odmian</towar>
  <towar>Owady uszkadzające drewno</towar>
  <towar>Pielęgnacja i podkuwanie kopyt koni</towar>
  <towar>Podstawy hodowli lisów i norek Profilaktyka i zwalczanie</towar>
  <towar>Przechowalnictwo warzyw i ziemniaka</towar>
  <towar>Psychologia treningu koni</towar>
  <towar>Rośliny siedlisk leśnych w Polsce</towar>
  <towar>Tablice zasobności i przyrostu drzewostanów</towar>
  <towar>Sadownictwo</towar>
  <towar>Słownik roślin użytkowych</towar>
  <towar>600 rad z warzywnictwa</towar>
  <towar>Boczniak</towar>
  <towar>Borówka wysoka</towar>
  <towar>Brzoskwinia,nektaryna twardka i morela</towar>
  <towar>Byliny</towar>
  <towar>Byliny ogrodowe</towar>
  <towar>Chryzantemy odmiana i uprawa</towar>
  <towar>Cięcie drzew i krzewów</towar>
  <towar>Cyklameny</towar>
  <towar>Drzewa i krzewy iglaste</towar>
  <towar>Jabłoń w każdym ogrodzie</towar>
  <towar>Jęczmień</towar>
  <towar>Krzewy i drzewa liściaste</towar>
  <towar>Kwiaty cięte uprawiane pod osłonami</towar>
  <towar>Leszczyna</towar>
  <towar>Liściaste krzewy ozdobne t. 1</towar>
  <towar>Liściaste krzewy ozdobne t. 2</towar>
  <towar>Oczko wodne</towar>
  <towar>Odmianoznastwo i ocena odmian</towar>
  <towar>Papryka pod szkłem i folią</towar>
  <towar>Pieczarka uprawa intensywna</towar>
  <towar>Pielęgnowanie drzew i krzewów ozdobnych</towar>
  <towar>Rośliny cenne, rzadkie, poszukiwane</towar>
  <towar>Rośliny okrywowe</towar>
  <towar>Rośliny uprawiane na zieleń ciętą</towar>
  <towar>Rozmnażanie wegetatywne roślin ozdobnych</towar>
  <towar>Róże</towar>
  <towar>Skalniaki</towar>
  <towar>Storczyki</towar>
  <towar>Szczepienie i przeszczepianie roślin sadowniczych</towar>
  <towar>Truskawka i poziomka</towar>
  <towar>Winorośl w ogrodzie</towar>
  <towar>Wino i winorośl</towar>
  <towar>Ogród winoroślowy</towar>
  <towar>Trawy ozdobne, turzyce i sity</towar>
  <towar>Żywopłoty</towar>
  <towar>Uprawa roślin ozdobnych</towar>
  <towar>Nawadnianie roślin</towar>
  <towar>Gospodarka wodna w rolnictwie</towar>
  <towar>Ochrona roślin rolniczych w uprawie integrowanej</towar>
  <towar>A B C jeździectwa</towar>
  <towar>Co dolega mojemu kotu?</towar>
  <towar>Corgi cardigan i pembroke</towar>
  <towar>Gołąbki i astryldy</towar>
  <towar>Indyki</towar>
  <towar>Króliki - towarowa produkcja mięsna</towar>
  <towar>Królik miniaturowy</towar>
  <towar>Kury. Chów pozafermowy</towar>
  <towar>Okiem psa</towar>
  <towar>Polubić pszczoły. Poradnik początkującego pszczelarza</towar>
  <towar>Poradnik dla hodowców i miłośników koni</towar>
  <towar>Pszczoły, pasieka towarowa</towar>
  <towar>Pokochać ogród. Poradnik dla każdego</towar>
  <towar>Rośliny pokojowe.Encyklopedia pielęgnacji</towar>
  <towar>Moje sekrety kulinarne</towar>
  <towar>Rośliny pokojowe.Encyklopedia pielęgnacji</towar>
  <towar>Moja skuteczna dieta</towar>
  <towar>Potrawy z grilla</towar>
  <towar>Domowe wypieki.Ciasta i ciasteczka</towar>
  <towar>365 Obiadów na polskim stole</towar>
  <towar>Showman czyli spowiedź świra</towar>
  <towar>Polska da się lubić</towar>
  <towar>Polska na pogodę i niepogode</towar>
  <towar>Rośliny Polski.Ilustrowana encyklopedia</towar>
  <towar>Pyszne ciasta domowe</towar>
  <towar>Tajemnice polskich rodów arystokratycznych</towar>
  <towar>Udane przyjęcia poleca Bożena Dykiel</towar>
  <towar>Omon Ra i inne opowieści</towar>
  <towar>Pożądanie</towar>
  <towar>Przystanek śmierć</towar>
  <towar>Uwikłanie</towar>
  <towar>Kolacja z zabójcą</towar>
  <towar>Twarz Tuwima</towar>
  <towar>Pijani Bogiem</towar>
  <towar>Lala</towar>
  <towar>Szkarłatny płatek i biały</towar>
  <towar>Cząstki elementarne</towar>
  <towar>Możliwość wyspy</towar>
  <towar>Platforma</towar>
  <towar>Poszerzenie pola walki</towar>
  <towar>Merde!Rok w Paryżu</towar>
  <towar>Fototapeta</towar>
  <towar>O krok</towar>
  <towar>Piąta kobieta</towar>
  <towar>Psy z Rygi</towar>
  <towar>Leonardo da Vinci.Lot wyobraźni</towar>
  <towar>Jan Potocki.Biografia</towar>
  <towar>Uśmiech Machiavellego.Biografia</towar>
  <towar>Za grosze.Pracować i (nie) przeżyć</towar>
  <towar>Błękitne przestrzenie</towar>
  <towar>Dobre miejsce do umierania</towar>
  <towar>Modlitwa o deszcz</towar>
  <towar>Wieże z kamienia</towar>
  <towar>Biała lwica</towar>
  <towar>Cukiereczki</towar>
  <towar>Koniec świata w Breslau</towar>
  <towar>Widma w mieście Breslau</towar>
  <towar>Festung Breslau</towar>
  <towar>Imprimatur</towar>
  <towar>Secretum</towar>
  <towar>Veritas</towar>
  <towar>Kapuściński:Nie ogarniam świata</towar>
  <towar>Moje pierwsze samobójstwo</towar>
  <towar>Kobieta i mężczyźni</towar>
  <towar>Z głowy</towar>
  <towar>Wyspa</towar>
  <towar>Człowiek w cieniu</towar>
  <towar>Warunek</towar>
  <towar>Stankiewicz.Powrót</towar>
  <towar>Pachnidło</towar>
  <towar>Pachnidło</towar>
  <towar>Ogród Afrodyty</towar>
  <towar>Spisek Darwina</towar>
  <towar>Pociąg do życia wiecznego</towar>
  <towar>Ofiary Stalina i Hitlera</towar>
  <towar>Byłem szpiegiem</towar>
  <towar>Ten jest z ojczyzny mojej</towar>
  <towar>Władysław Bartoszewski.Wywiad rzeka</towar>
  <towar>Tajemnice Średniowiecza</towar>
  <towar>Wilno po polsku</towar>
  <towar>Ona i on o seksie</towar>
  <towar>Konie</towar>
  <towar>Wszystko o kotach</towar>
  <towar>O bibliotece</towar>
  <towar>Atlas trujących roślin i jadowitych zwierząt</towar>
  <towar>Balkon pełen kwiatów</towar>
  <towar>Byli</towar>
  <towar>Katyń</towar>
  <towar>Leksykon roślin doniczkowych i balkonowych</towar>
  <towar>Mój pierwszy ogród</towar>
  <towar>Nauki przyrodnicze</towar>
  <towar>Piosenki,których nauczyła mnie matka</towar>
  <towar>1000 Najpiękniejsztch roślin</towar>
  <towar>Rośliny doniczkowe</towar>
  <towar>Rośliny w domu</towar>
  <towar>Ryby akwariowe</towar>
  <towar>Wielka księga roślin ogrodowych.</towar>
  <towar>Wielka księga roślin ogrodowych.Pnącza?</towar>
  <towar>Wybierz psa dla siebie</towar>
  <towar>Aktinidia roślina ozdobna i owocowa</towar>
  <towar>Boczniak wyd. II</towar>
  <towar>Burak ćwikłowy i liściowy</towar>
  <towar>Choroby roślin ogrodniczych powodowane przez fitoplazmy</towar>
  <towar>Chryzantemy</towar>
  <towar>Drzewa w mieście</towar>
  <towar>Intensywna uprawa marchwi</towar>
  <towar>Intensywny sad czereśniowy</towar>
  <towar>Intensywny sad śliwowy</towar>
  <towar>Kolorowa cantedeskia</towar>
  <towar>Ochrona pieczarki</towar>
  <towar>Ogórki pod osłonami</towar>
  <towar>Ogród ozdobny przy domu</towar>
  <towar>Papryka w tunelach foliowych nieogrzewanych</towar>
  <towar>Pomidory pod osłonami</towar>
  <towar>Pomidory w polu</towar>
  <towar>Program ochrony warzyw na rok 2007</towar>
  <towar>Rabarbar</towar>
  <towar>Rośliny na suche bukiety-upraw, suszenie, farbowanie</towar>
  <towar>Róże pod osłonami</towar>
  <towar>Sad karłowy</towar>
  <towar>Sałata przez cały rok</towar>
  <towar>Słownik fitopatologiczny</towar>
  <towar>Sposoby przechowywania warzyw cebulowych, korzeniowych, kapustnych</towar>
  <towar>Sztuka cięcia drzew owocowych</towar>
  <towar>Towarowa uprawa krzewów owocowych</towar>
  <towar>Uprawa borówki iżurawiny</towar>
  <towar>Uprawa brokułów</towar>
  <towar>Uprawa brzoskwini i nektaryny</towar>
  <towar>Uprawa cebuli</towar>
  <towar>Uprawa fasoli szparagowej na suche nasiona</towar>
  <towar>Uprawa i odmiany gruszy</towar>
  <towar>Uprawa kalafiorów</towar>
  <towar>Uprawa kapusty białej czerwonej  włoskiej</towar>
  <towar>Uprawa kapusty pekińskiej, chińskiej</towar>
  <towar>Uprawa maliny i jeżyny</towar>
  <towar>Uprawa moreli</towar>
  <towar>Uprawa ogórków w polu</towar>
  <towar>Uprawa papryki w polu</towar>
  <towar>Uprawa pora</towar>
  <towar>Uprawa selera korzeniowego, naciowego, listkowego</towar>
  <towar>Uprawa szparaga</towar>
  <towar>Uprawa truskawki</towar>
  <towar>Uprawa wiśni do zbioru ręcznego i kombajnowego</towar>
  <towar>Warto uprawiać czosnek</towar>
  <towar>Warzywa pod folią i włókniną</towar>
  <towar>Winorośl w uprawie przydomowej i towarowej</towar>
  <towar>Rośliny ozdobne w architekturze krajobrazu. Cz. III Drzewa i krzewy iglaste</towar>
  <towar>Rośliny ozdobne w architekturze krajobrazu Cz. IV Drzewa i krzewy liściaste</towar>
  <towar>Rybactwo jeziorowe i rzeczne</towar>
  <towar>Ogień i krew</towar>
  <towar>Monastycyzm średniowieczny</towar>
  <towar>Kair</towar>
  <towar>Koran</towar>
  <towar>Profanacje</towar>
  <towar>Globalizacja</towar>
  <towar>Społeczeństwo spektaklu.Rozważania..</towar>
  <towar>Płeć i rozwiązanie</towar>
  <towar>Nauka skorumpowana</towar>
  <towar>Płeć mózgu</towar>
  <towar>Czy przed wielkim wybuchem był Bóg?</towar>
  <towar>Antropologia</towar>
  <towar>Czystość i zmaza</towar>
  <towar>Gra szklanych paciorków</towar>
  <towar>Wilk stepowy</towar>
  <towar>Wyższy świat</towar>
  <towar>Nieznośna lekkość bytu</towar>
  <towar>Zasłona</towar>
  <towar>Życie jest gdzie indziej</towar>
  <towar>Zazi w metrze</towar>
  <towar>Podróż do Afganistanu</towar>
  <towar>Sędzia Di i chiński gwóźdź</towar>
  <towar>Sędzia Di i nawiedzony klasztor</towar>
  <towar>Sędzia Di i parawan z laki</towar>
  <towar>Sędzia Di,małpa i tygrys</towar>
  <towar>Sędzia DI i złote morderstwa</towar>
  <towar>Sędzia DI i tajemnica jeziora</towar>
  <towar>Sędzia Di w labiryncie</towar>
  <towar>Sędzia Di i morderstwo w Kantonie</towar>
  <towar>Sędzia Di i wielki dzwon</towar>
  <towar>Ożenek.Rewizor</towar>
  <towar>Podróż do wnętrza Wiednia</towar>
  <towar>To właśnie Paryż</towar>
  <towar>Magdalena,córka Kossaka</towar>
  <towar>Miłość w starożytnym Egipcie</towar>
  <towar>Bogowie,groby i uczeni</towar>
  <towar>Dzieje morza czarnego</towar>
  <towar>Inkwizycja hiszpańska</towar>
  <towar>Jesień średniowiecza</towar>
  <towar>Młodsza Europa</towar>
  <towar>Wandalowie i ich afrykańskie państwo</towar>
  <towar>Mity,rytuały i polityka Inków</towar>
  <towar>Ogień i krew</towar>
  <towar>Ramzes Wielki i jego czasy</towar>
  <towar>Katarzy</towar>
  <towar>Społeczeństwo feudalne</towar>
  <towar>Pierwsze słowo</towar>
  <towar>Huryci</towar>
  <towar>Dzieje starożytnego Egiptu</towar>
  <towar>Miłość w starożytnym Rzymie</towar>
  <towar>Śmierc i pogrzeb w starożytnym Egipcie</towar>
  <towar>Starozytni Olimpijczycy</towar>
  <towar>Czarna śmierć</towar>
  <towar>PasTVisko</towar>
  <towar>Nowe fotografie</towar>
  <towar>Cały czas</towar>
  <towar>Don Juan raz jeszcze</towar>
  <towar>Płynne życie</towar>
  <towar>Dziennik Tom 1 - 3</towar>
  <towar>Ferdydurke</towar>
  <towar>Pornografia</towar>
  <towar>Ślub.Iwona księżniczka Burgunda</towar>
  <towar>Trans - Atkantyk</towar>
  <towar>Krytyka zbrodniczego rozumu</towar>
  <towar>Inny świat</towar>
  <towar>Wędrowiec cmentarny</towar>
  <towar>Niesamowita Słowiańszczyzna</towar>
  <towar>Wytwórca makaronu</towar>
  <towar>Siostry Malinowskiego???.</towar>
  <towar>Przejazdem przez życie... Kroniki rodzinne</towar>
  <towar>Drzazga</towar>
  <towar>Dziennik w ściśłym znaczeniu..</towar>
  <towar>Nazywam się Czerwień</towar>
  <towar>Śnieg</towar>
  <towar>Był dom... Wspomnienia</towar>
  <towar>Piórka</towar>
  <towar>Puch ostu. Fraszki o życiu i miłości</towar>
  <towar>Autobiografia. Myśli nie tylko o sobie. Tom 1</towar>
  <towar>Autobiografia. Myśli nie tylko o sobie. Tom 2</towar>
  <towar>Wołoka</towar>
  <towar>Chwile wolności .Dziennik 1915 -1941</towar>
  <towar>Przypisy do życia. Autobiografia</towar>
  <towar>Historie cmantarne.1999 - 2004</towar>
  <towar>WYCIECZKA DO TINDARI</towar>
  <towar>KSZTAŁT WODY</towar>
  <towar>PIES Z TERAKOTY</towar>
  <towar>ZAMKNIĘTY KRĄG</towar>
  <towar>Solal</towar>
  <towar>Don Dello Libra</towar>
  <towar>Baudolino</towar>
  <towar>WAHADŁO FOUCAULTA</towar>
  <towar>Wyspa dnia poprzedniego</towar>
  <towar>Imię róży</towar>
  <towar>Tajemniczy Płomień Królowej Loany</towar>
  <towar>CO KOCHAŁEM</towar>
  <towar>OSTATNIA MIŁOŚĆ PREZYDENTA</towar>
  <towar>MYŚLI NIEUCZESANE.WSZYSTKIE</towar>
  <towar>MORZE NIESZCZĘŚĆ</towar>
  <towar>PERFIDNA GRA</towar>
  <towar>Słowo Oficera</towar>
  <towar>CAŁA RADOŚĆ ŻYCIA</towar>
  <towar>SAMURAJ WILLIAM</towar>
  <towar>MORZA POŁUDNIOWE</towar>
  <towar>Środkowy napastnik zginie o zmierzchu.</towar>
  <towar>Dziennik Powrotu</towar>
  <towar>WYBÓR DRAMATÓW TOM I/II</towar>
  <towar>WYBÓR DRAMATÓW TOM II</towar>
  <towar>MAŁE LISTY</towar>
  <towar>Baltazar.Autobiografia.</towar>
  <towar>Uwagi osobiste</towar>
  <towar>OBOLAŁA ROSJA</towar>
  <towar>Razumowscy.Rodzina na carskim dworze 1715-1830.</towar>
  <towar>Koniec mojej Rosji.Dziennik 1914 - 1919.</towar>
  <towar>ALCHEMIA POŻĄDANIA</towar>
  <towar>Dom nad oniego</towar>
  <towar>Wilczy notes</towar>
  <towar>TROPAMI RENA</towar>
  <towar>Akwariowe ryby morskie</towar>
  <towar>Antoni Guadi Wszystkie budowle</towar>
  <towar>Atlas węży</towar>
  <towar>Dali</towar>
  <towar>Encyklopedia obrazu</towar>
  <towar>Golf bez tajemnic</towar>
  <towar>Granice ogrodu</towar>
  <towar>Homeopatia</towar>
  <towar>Kieszonkowy atlas drzew</towar>
  <towar>Kieszonkowy atlas grzybów</towar>
  <towar>Kieszokowy atlas kwiatów dziko rosnących</towar>
  <towar>Kieszonkowy atlas ptaków</towar>
  <towar>Kieszonkowy atlas skał i minerałów</towar>
  <towar>Księga ziół</towar>
  <towar>Nawierzchnie w ogrodzie</towar>
  <towar>Ogrodowe oczka wodne</towar>
  <towar>Pokarmy miłosne</towar>
  <towar>Projektowanie małego ogrodu</towar>
  <towar>Rękodzieło</towar>
  <towar>Ryby zimnowodne</towar>
  <towar>Szkolenie psa</towar>
  <towar>Poradnik wnętrza planowanie, wykańczanie i wystrój</towar>
  <towar>Kieszonkowy atlas grzybów (DK)</towar>
  <towar>Kafka nad morzem</towar>
  <towar>Norwegian Wood</towar>
  <towar>Faktoria jedwabiu</towar>
  <towar>Konspiratorzy</towar>
  <towar>Matka dzieci Holocaustu</towar>
  <towar>Cień Wiatru</towar>
  <towar>Hania Bania</towar>
  <towar>Sto lat samotności</towar>
  <towar>Miłość w czasach zarazy</towar>
  <towar>Batalista</towar>
  <towar>Huzar</towar>
  <towar>Ostatnia bitwa Templariusza</towar>
  <towar>Proca Dawida.Kabaret w przedsionku piekieł.</towar>
  <towar>Bogactwo i nędza narodów</towar>
  <towar>Dynastie</towar>
  <towar>Kleska " Solidarności"</towar>
  <towar>Jak powieść</towar>
  <towar>Zderzenie cywilizacji</towar>
  <towar>Szkice z dziejów anarhizmu</towar>
  <towar>Piosenki prawie wszystkie</towar>
  <towar>Katyń.Post mortem.</towar>
  <towar>Sekretna historia masonerii</towar>
  <towar>Rasy koni</towar>
  <towar>Rasy kotów</towar>
  <towar>Pies.100 sposobów na jego poznanie.</towar>
  <towar>Kot.100 sposobów na jego poznanie.</towar>
  <towar>Ptaki drazpieżne.Przewodnik</towar>
  <towar>Rozpoznawanie ptaków.Przewodnik</towar>
  <towar>Żywopłoty</towar>
  <towar>Trawy i paprocie</towar>
  <towar>Kwiaty lata</towar>
  <towar>Róże</towar>
  <towar>140 projektów małych ogrodów.</towar>
  <towar>Szybki seks</towar>
  <towar>Zmień swój ogród</towar>
  <towar>Tropy i ślady ptaków</towar>
  <towar>Szuka układania kwiatów</towar>
  <towar>Małe ogrody</towar>
  <towar>Rośliny pnące</towar>
  <towar>Kompost, ziemie, nawożenie.</towar>
  <towar>Rośliny w mieszkaniu</towar>
  <towar>Przycinanie drzew i krzewów</towar>
  <towar>Drzewa do naszego ogrodu</towar>
  <towar>Pomysł na małe ogrody</towar>
  <towar>Kwiaty na balkony,werandy i patia.</towar>
  <towar>Ogród wodny bez tajemnic.</towar>
  <towar>Narzędzia ogrodnicze.</towar>
  <towar>Jadalne dzikie jagody i rośliny.</towar>
  <towar>Drzewa i krzewy. Encyklopedia.</towar>
  <towar>Leksykon myślistwa.</towar>
  <towar>Odnawianie ogrodu.</towar>
  <towar>Trawniki.</towar>
  <towar>Grzyby.</towar>
  <towar>Drzewa.Encyklopedia kieszonkowa.</towar>
  <towar>Kwiaty.Encyklopedia kieszonkowa.</towar>
  <towar>Ptaki.Encyklopedia kieszonkowa.</towar>
  <towar>Grzyby.Encyklopedia kieszonkowa.</towar>
  <towar>Ssaki.Encyklopedia kieszonkowa.</towar>
  <towar>Wodny świat akwarium.</towar>
  <towar>Rzecz o mych smutnych dziwkach</towar>
  <towar>Szachownica flamandzka</towar>
  <towar>Polska Piastów</towar>
  <towar>Polska Jagiellonów</towar>
  <towar>Niebezpieczne kobiety</towar>
  <towar>Holokaust w fotografiach</towar>
  <towar>Lista przebojów Trójki 1994-2006</towar>
  <towar>Polityka jako obietnica</towar>
  <towar>Rok w podróży</towar>
  <towar>Dzieci Rifa'y.Muzułmanie i nowoczesność</towar>
  <towar>Rok koguta</towar>
  <towar>Made in USA</towar>
  <towar>Szczęściara</towar>
  <towar>Zanim cię znajdę</towar>
  <towar>Brzechwa dla dorosłych</towar>
  <towar>Obława</towar>
  <towar>Jaśnie Panicz</towar>
  <towar>Pan od poezji</towar>
  <towar>Wojna Polsko-Jaruzelska.Stan wojenny?</towar>
  <towar>Mój ojciec Paweł Jasienica</towar>
  <towar>Nienawiść</towar>
  <towar>Lawina i kamienie.Pisarze wobec komunizm</towar>
  <towar>Przyjdź i zgiń</towar>
  <towar>Miś,czyli świat według Barei</towar>
  <towar>Tajemniczy pan Quin</towar>
  <towar>Wielki początek.14 miliardów lat..</towar>
  <towar>Barwne formy pstrąga tęczowego</towar>
  <towar>Biologia stawów rybnych</towar>
  <towar>Aaktualne problemy rybactwa jeziorowego</towar>
  <towar>Jesiotry,chów i hodowla</towar>
  <towar>Karp.Chów i hodowla</towar>
  <towar>Sum afrykański</towar>
  <towar>Pstrągarstwo</towar>
  <towar>Rybactwo jeziorowe</towar>
  <towar>Rybactwo,wędkarstwo,ekorozwój</towar>
  <towar>Encyklopedia rybacko - wędkarska</towar>
  <towar>Chroby ryb hodowlanych</towar>
  <towar>Azalie, różaneczniki, wrzosy</towar>
  <towar>Balkonowe rośliny ozdobne</towar>
  <towar>Brzoskwinie i nektaryny</towar>
  <towar>Budowanie i majsterkowanie w ogrodzie</towar>
  <towar>Chów świń w małym gospodarstwie</towar>
  <towar>Cięcie drzew i krzewów ozdobnych</towar>
  <towar>Drzewa i krzewy - Przewodnik</towar>
  <towar>Chcę dobrze jeździć konno</towar>
  <towar>Grusze i pigwa</towar>
  <towar>Drzewa - Spotkania z przyrodą</towar>
  <towar>Drzewa iglaste i owady na nich?</towar>
  <towar>Drzewa liściaste i owady na nich?</towar>
  <towar>Jabłoń</towar>
  <towar>Kalendarz prac w ogrodzie</towar>
  <towar>Grzyby - Przewodnik</towar>
  <towar>Iglaki w kompozycjach ogrodowych</towar>
  <towar>Iglaki - cięcie i formowanie, żywopłoty</towar>
  <towar>Iglaki w ogrodzie</towar>
  <towar>Kwitnące rośliny cebulowe i bulwiaste</towar>
  <towar>Jazda konna</towar>
  <towar>Kompost, ściółka, nawozy zielone</towar>
  <towar>Kompozycje roślinne na balkon i taras</towar>
  <towar>Kury ozdobne</towar>
  <towar>Koń zdrowy jak?</towar>
  <towar>Króliki miniaturowe łagodne i miłe</towar>
  <towar>Krzewy i dzewa ozdobne</towar>
  <towar>Krzewy owocowe</towar>
  <towar>Las - wspólne dziedzictwo</towar>
  <towar>Las Spotkania z przyrodą</towar>
  <towar>Las wademecum miłośnika przyrody</towar>
  <towar>Nasiona i siewki drzew</towar>
  <towar>Łowić z duszą i z głową</towar>
  <towar>Łowienie w zbiornikach zaporowych</towar>
  <towar>Małe kompozycje ogrodowe</towar>
  <towar>Niedaleko jabłko od jabłoni</towar>
  <towar>Mały ogródek wodny</towar>
  <towar>Mój pies świadczy o mnie</towar>
  <towar>30 najdzikszych miejsc w Polsce</towar>
  <towar>Najlepsze rośliny na balkon i taras</towar>
  <towar>Piękny ogród 2</towar>
  <towar>Piękny ogród 1</towar>
  <towar>Piękny ogród 3</towar>
  <towar>Orchidee - amatorska uprawa</towar>
  <towar>Porosty, mszaki, paprotniki - Flora Polski</towar>
  <towar>Park Białowieża National Park</towar>
  <towar>Park Biebrza National Park</towar>
  <towar>Park Narodowy Babiogórski</towar>
  <towar>Park Narodowy Białowieski</towar>
  <towar>Park Narodowy Biebrzański</towar>
  <towar>Park Narodowy Bieszczadzki</towar>
  <towar>Park Narodowy Bory Tucholskie</towar>
  <towar>Park Narodowy Drawieński</towar>
  <towar>Park Narodowy Gorczański</towar>
  <towar>Park Narodowy Gór Stołowych</towar>
  <towar>Park Narodowy Kampinoski</towar>
  <towar>Romantyczne zakątki w ogrodzie</towar>
  <towar>Park Narodowy Karkonoski</towar>
  <towar>Park Narodowy Magurski</towar>
  <towar>Park Narodowy Narwiański</towar>
  <towar>Park Narodowy Ojcowski</towar>
  <towar>Park Narodowy Pieniński</towar>
  <towar>Park Narodowy Poleski</towar>
  <towar>Park Narodowy Roztoczański</towar>
  <towar>Park Narodowy Świętokrzyski</towar>
  <towar>Park Narodowy Tatrzański - nowy</towar>
  <towar>Park Narodowy Ujście Warty</towar>
  <towar>Park Narodowy Wielkopolski</towar>
  <towar>Park Narodowy Wigierski</towar>
  <towar>Park Narodowy Woliński</towar>
  <towar>Park Tatra National Park</towar>
  <towar>Pielęgnowanie roślin pokojowych cz. I</towar>
  <towar>Pielęgnowanie roślin pokojowych cz. II</towar>
  <towar>Rośliny chronione - Flora Polski</towar>
  <towar>Polska. Portret przyrody</towar>
  <towar>Poradnik pielęgnacji psa</towar>
  <towar>Poradnik wędkarza - spinning</towar>
  <towar>Poradnik wędkarza - spławik i grunt</towar>
  <towar>Poznajemy rośliny chronione</towar>
  <towar>Ptaki Polski * t.I</towar>
  <towar>Ptaki Polski * t.II</towar>
  <towar>Narwiański Park Narodowy</towar>
  <towar>Bieszczadzki Park Narodowy</towar>
  <towar>Kampinoski Park Narodowy</towar>
  <towar>Ojcowski Park Narodowy</towar>
  <towar>Prawdziwa Polska</towar>
  <towar>Prawdziwa Polska - Biebrza</towar>
  <towar>Przechowywanie i konserwowanie</towar>
  <towar>Przewodnik rośliny i zwierzęta</towar>
  <towar>Przydomowy chów królików</towar>
  <towar>Ptaki Vademecum</towar>
  <towar>Rady dziadka masztalerza</towar>
  <towar>Rasy koni ( wydanie rozsz.)</towar>
  <towar>Rasy psów (wyd. rozsz.)</towar>
  <towar>Rośliny Łąkowe - Flora Polski</towar>
  <towar>Rośliny mięsożerne</towar>
  <towar>Rośliny ogrodowe</towar>
  <towar>Rośliny wieloletnie - katalog</towar>
  <towar>Rośliny wodne i bagienne</towar>
  <towar>Rośliny zwierzęta spotkania z przy.</towar>
  <towar>Sekrety mistrzów spiningu</towar>
  <towar>Wędkarski kalendarz brań</towar>
  <towar>Słowiński Park Narodowy</towar>
  <towar>Staw ogrodowy</towar>
  <towar>Wędkarstwo gruntowe cz. II</towar>
  <towar>Wędkarstwo gruntowe cz.I</towar>
  <towar>Właśnie wróciłem z ryb</towar>
  <towar>Wszystko o ogrodzie</towar>
  <towar>Wybierz ogród dla siebie</towar>
  <towar>Zabawy z psem</towar>
  <towar>Zbieramy grzyby przewodnik do plec.</towar>
  <towar>Zwierzęta-spotkania z przyrodą</towar>
  <towar>Bonsai  to może być proste</towar>
  <towar>Szkodniki nasion i owoców drzew i krzewów leśnych</towar>
  <towar>Grzyby spotkania z przyrodą</towar>
  <towar>Zioła w kuchni</towar>
  <towar>Przydomowy chów drobiu</towar>
  <towar>Rośliny na balkon i taras</towar>
  <towar>Mechanizm wymiany rolno-żywnościowej Polski z krajami UE</towar>
  <towar>Wsparcie finansowe sektora rolno żywnościowego w Polsce</towar>
  <towar>Regionalny model zrównoważonego rozwoju i ochrony środowiska</towar>
  <towar>Przyrodnicze aspekty rozwoju zrównoważonego miast</towar>
  <towar>Modrzewie w Polsce dynamika wzrostu rozwoju i ekologii</towar>
  <towar>Przewodnik grzyboznawczy</towar>
  <towar>Zmiany przestrzenno-organizacyjne sadownictwa w Polsce</towar>
  <towar>Struktura przestrzenna rolnictwa Polski u progu XXI wieku 2005</towar>
  <towar>Przemiany struktury przestrzennej rolnictwa - sukcesy i niepowodzenia</towar>
  <towar>Ptaki doliny Noteci</towar>
  <towar>Ptaki krainy Gór Świętokrzyskich monografia</towar>
  <towar>Rośliny dalekiej Azji szkice etnobotaniczne</towar>
  <towar>Rachunkowość w przedsiębiorstwach rolniczych</towar>
  <towar>Ochrona środowiska unia europejska-Polska</towar>
  <towar>Zatrudnienie i bezrobocie w obszarach wiejskich i w rolnictwie</towar>
  <towar>Aktywizacja dzialalności pozarolniczej na obszarach wiejskich</towar>
  <towar>Ochrona srodowiska  wyd.7</towar>
  <towar>Rozwój fizyczny dzieci i młodzieży w rodzinach wiejskich</towar>
  <towar>Wspólna polityka rolna Unii europejskiej - wybór źródeł</towar>
  <towar>Geografia rolnictwa Polski</towar>
  <towar>Wyzwania wspólnej polityki rolnej po rozszerzeniu UE</towar>
  <towar>Zarys problemów ekonomiki środowiska  wyd.3</towar>
  <towar>Towaroznawstwo żywności przetworzonej</towar>
  <towar>Rynek żywności ekologicznej w Polsce i krajach Unii Europejskiej</towar>
  <towar>Towaroznawstwo produktów zwierzęcych ocena jakości mięsa wyd.4</towar>
  <towar>Hodowla i użytkowanie zwierząt gospodarskich</towar>
  <towar>Roztocze (acari) znaczenie w życiu i gospodarce człowieka</towar>
  <towar>Ochrona i rekultywacja środowiska</towar>
  <towar>Ochrona drewna</towar>
  <towar>Suszarnictwo i przetwórstwo ziól</towar>
  <towar>Choroby roślin w uprawach rolniczych</towar>
  <towar>Entomologia leśna tom 1/2</towar>
  <towar>Pozyskiwanie drewna</towar>
  <towar>Projekt gospodarczego urządzenia gospodarstwa rolniczego</towar>
  <towar>Podstawy biooceny żywności</towar>
  <towar>Technologia żywności wybrane zagadnienia</towar>
  <towar>Ogrody historia architektury i sztuki ogrodowej</towar>
  <towar>Metrologia techniczna w przemysle drzewnym</towar>
  <towar>Ochrona krajobrazu /twarda/  wyd.3</towar>
  <towar>Praktyczne porady dla hodowcow bydla</towar>
  <towar>Surowce spożywcze pochodzenia roslinnego</towar>
  <towar>Tereny zieleni jako przedmiot planowania miejscowego</towar>
  <towar>Żywienie a regulacja hormonalna wybrane zagadnienia</towar>
  <towar>Zakażenia grzybami z rodzaju malassezia</towar>
  <towar>Historia i struktura ogrodu rodzinnego</towar>
  <towar>Paliwa i oleje smarujace w rolnictwie</towar>
  <towar>Chów i hodowla trzody chlewnej</towar>
  <towar>Jakość i bezpieczeństwo żywności uwarunkowania surowcowe</towar>
  <towar>Przetwórstwo rolno-spożywcze wybrane zagadnienia</towar>
  <towar>Wybrane zagadnienia z technologii żywnosci</towar>
  <towar>Mechanizacja rolnictwa</towar>
  <towar>Wybrane procesy w technologii zywnosci</towar>
  <towar>Atlas wybranych drobnoustrojów waznych w technologii zywnosci</towar>
  <towar>Mleko produkcja badanie przerób</towar>
  <towar>Ochrona środowiska w praktyce aspekty ekonomiczno-prawne</towar>
  <towar>Mikroekonomiczne podstawy wzrostu dochodów producentów rolnych</towar>
  <towar>Rola izb rolniczych w rozwoju wsi i rolnictwa i w Polsce</towar>
  <towar>Dochody rolnicze a polityka rozwoju regionalnego UE</towar>
  <towar>Prawo rolne i żywnościowe zarys wykladu</towar>
  <towar>Odpowiedzialność za zobowiązania zwiazane z prowadzeniem gospod.rolnego</towar>
  <towar>Prawo zywnosciowe wspólnotowego rynku rolnego</towar>
  <towar>Dzieje</towar>
  <towar>Dzieła</towar>
  <towar>Dziennik Irlandzki</towar>
  <towar>Harmonia Caelestis</towar>
  <towar>Busz po polsku</towar>
  <towar>Cesarz</towar>
  <towar>Heban</towar>
  <towar>Imperium</towar>
  <towar>Jeszcze dzień życia</towar>
  <towar>Lapidaria</towar>
  <towar>Lapidarium IV</towar>
  <towar>Lapidarium V</towar>
  <towar>Lapidarium VI</towar>
  <towar>Szachinszach</towar>
  <towar>Wojna futbolowa</towar>
  <towar>Jedwab</towar>
  <towar>Występ gościnny w Bolzano</towar>
  <towar>Żar</towar>
  <towar>Krew świętego Januarego</towar>
  <towar>Ziemia!Ziemia!</towar>
  <towar>Księga ziół</towar>
  <towar>Wyznania patrycjusza</towar>
  <towar>Na skraju imperium</towar>
  <towar>Requiem dla ziemiaństwa</towar>
  <towar>Panienka w PRL-u</towar>
  <towar>Wspomnienia</towar>
  <towar>Podróż w błękicie</towar>

  <towar>Jak uprawiać pod osłonami</towar>
  <towar>Jak uprawiać pod osłonami</towar>
  <towar>Zamiast trawnika</towar>
  <towar>Zamiast trawnika</towar>
  <towar>Sztuka cięcia drzew i krzewów owocowych</towar>
  <towar>Trawy ozdobne</towar>
  <towar>Uprawiamy grzyby w ogrodzie.</towar>
  <towar>Zdrowe strączkowe</towar>
  <towar>Ochrona warzyw</towar>
  <towar>Pomidor i papryka</towar>
  <towar>Warzywa dyniowate</towar>
  <towar>Nowalijki</towar>
  <towar>Dlaczego nie owocują?</towar>
  <towar>Czereśnie i wiśnie</towar>
  <towar>Brzoskwinie i morele</towar>
  <towar>Leszczyna</towar>
  <towar>Cytrusy</towar>
  <towar>Grusze</towar>
  <towar>Żurawina i borówka brusznica.</towar>
  <towar>Kalendarz biodynamiczny 2007</towar>
  <towar>Porzeczki i agrest.</towar>
  <towar>Truskawki i poziomki</towar>
  <towar>Najważniejsze nawożenie</towar>
  <towar>Najpiękniejsze iglaki</towar>
  <towar>Rośliny cebulowe w ogrodzie</towar>
  <towar>Wszystko o rabatach</towar>
  <towar>Żywopłoty i rzeźby roślinne.</towar>
  <towar>Ogród dla zapracowanych</towar>
  <towar>Ogród skalny</towar>
  <towar>Cięcie krzewów ozdobnych i pnączy</towar>
  <towar>Chryzantemy w ogrodzie i ich bliscy krewni.</towar>
  <towar>Ochrona pnączy</towar>
  <towar>Ogrodowe pnącza</towar>
  <towar>Różaneczniki i azalie.</towar>
  <towar>Róże w ogrodzie.</towar>
  <towar>Ogród w pojemnikach</towar>
  <towar>Ochrona iglaków</towar>
  <towar>Ochrona roślin ozdobnych.</towar>
  <towar>Karłowe drzewa i krzewy liściaste.</towar>
  <towar>Karłowe drzewa i krzewy iglaste.</towar>
  <towar>Rozmnażamy drzewa i krzewy liściaste.</towar>
  <towar>Soki,wina,nalewki.</towar>
  <towar>Chaplin,Charlie</towar>
  <towar>Bogart,Humphrey</towar>
  <towar>Brando,Marlon</towar>
  <towar>Tiki Style</towar>
  <towar>Ptaki parków krajobrazowych Wielkopolski</towar>
  <towar>4 pory roku na działce i w ogrodzie</towar>
  <towar>Ekonomika i organizacja rolnictwa część I</towar>
  <towar>Dietrich, Marlene</towar>
  <towar>Tiki Style</towar>
  <towar>Intensywna uprawa warzyw</towar>
  <towar>Brando,Marlon</towar>
  <towar>Dietrich, Marlene</towar>
  <towar>Bogart,Humphrey</towar>
  <towar>Bergman, Ingrid</towar>
  <towar>McQueen, Steve</towar>
  <towar>Greece Style</towar>
  <towar>Fotografia XX wieku</towar>
  <towar>Design XX wieku</towar>
  <towar>Butterflies</towar>
  <towar>Welles, Orson</towar>
  <towar>Shells &amp; corals</towar>
  <towar>New Zeland</towar>
  <towar>Sydney</towar>
  <towar>San Fransisco</towar>
  <towar>Greece.</towar>
  <towar>Toscana</towar>
  <towar>California</towar>
  <towar>Australia</towar>
  <towar>Eastwood, Clint</towar>
  <towar>Wood Houses</towar>
  <towar>Terrace Design</towar>
  <towar>Web design:studios 2</towar>
  <towar>New York Style</towar>
  <towar>New patio design</towar>
  <towar>New terrace design</towar>
  <towar>Flower Design</towar>
  <towar>The Bancroft Strategy</towar>
  <towar>Like the Flowing River</towar>
  <towar>Snow</towar>
  <towar>Cell</towar>
  <towar>Ultimate weapon</towar>
  <towar>Brother Grimm</towar>
  <towar>The Age of Fallibility</towar>
  <towar>Miłosierna siekiera</towar>
  <towar>Microcosm</towar>
  <towar>Szczęście nadejdzie jutro</towar>
  <towar>London</towar>
  <towar>Proszę się nie rozłączać</towar>
  <towar>Triptych</towar>
  <towar>Pomarańczowa książeczka</towar>
  <towar>Devil Wears Prada</towar>
  <towar>For your freedom and ours</towar>
  <towar>Vulcan 607</towar>
  <towar>Opus Dei</towar>
  <towar>White Eagle.Red Star</towar>
  <towar>Shah of Shahs</towar>
  <towar>Safari Style</towar>
  <towar>Japanese Women don't get old or fat</towar>
  <towar>The book of fruits</towar>
  <towar>Godfather.The lost years</towar>
  <towar>South African Style</towar>
  <towar>Seaside Style</towar>
  <towar>The Gulag Archipelago 1918-56</towar>
  <towar>Robert Doisneau</towar>
  <towar>Egypt Style</towar>
  <towar>The Husband</towar>
  <towar>The Foreign Correspondent</towar>
  <towar>Berlin, Hotels &amp; More</towar>
  <towar>Paris, Hotels &amp; More</towar>
  <towar>Bamboo Style</towar>
  <towar>China Style</towar>
  <towar>Marocco Style</towar>
  <towar>Eleven Minutes</towar>
  <towar>Istanbul.Memories of a city</towar>
  <towar>Słynne zdjęcia i ich historie,część I</towar>
  <towar>The shadow of the sun</towar>
  <towar>Heart of Europe</towar>
  <towar>Słynne zdjęcia i ich historie,część II</towar>
  <towar>The Emperor</towar>
  <towar>Hepburn, Katharin</towar>
  <towar>Brussels Style</towar>
  <towar>Projektowanie graficzne w XXI wieku</towar>
  <towar>Alchemy &amp; Mysticism</towar>
  <towar>New Orleans 1960</towar>
  <towar>Federico Fellini.Dzieła wszystkie</towar>
  <towar>Roman Polański</towar>
  <towar>Dobry Adres</towar>
  <towar>London.Hotels &amp; More</towar>
  <towar>The Hotel Book Great Escapes Africa</towar>
  <towar>The Hotel Book Great Escapes Europe</towar>
  <towar>Lantig Life</towar>
  <towar>Living in Greece</towar>
  <towar>Living in Greece</towar>
  <towar>Luxury Housus Toscana</towar>
  <towar>The Hotel Book Great Escapes Asia</towar>
  <towar>The Hotel Book Great Escapes North America</towar>
  <towar>The Book of Plants</towar>
  <towar>Living in Tuscany</towar>
  <towar>Living in Countryside</towar>
  <towar>Leonardo da Vinci.Dzieła wszystkie.</towar>
  <towar>Cabinet of Natural Curiosities</towar>
  <towar>National Geographic</towar>
  <towar>Flora Book</towar>
  <towar>Sex Book</towar>
  <towar>Cat Book</towar>
  <towar>Dog Book</towar>
  <towar>Horse Book</towar>
  <towar>Small Eco-houses</towar>
  <towar>Provence</towar>
  <towar>Twój psychologiczny autoportret</towar>
  <towar>Wiosłować bez wioseł.</towar>
  <towar>Niewierne żony o kobietach, które odwazyły się zdradzić</towar>
  <towar>Karambol</towar>
  <towar>Piotr</towar>
  <towar>Fitness, wellness a duchowość</towar>
  <towar>Śmierć w la fenice</towar>
  <towar>Nowa fizyka i kosmologia.</towar>
  <towar>Psychologia integralna.</towar>
  <towar>Światło odkrywania</towar>
  <towar>Kobieta w wynajętych pokojach</towar>
  <towar>Kupić dym,sprzedać mgłę</towar>
  <towar>Casual</towar>
  <towar>Intymna teoria względności</towar>
  <towar>Historia Krakowa dla każdego</towar>
  <towar>French women don't get fat</towar>
  <towar>Harry Potter and the Deathly Hallows</towar>
  <towar>My,dzieci z dworca ZOO</towar>
  <towar>Alkoholizm.I grzech,choroba,i...</towar>
  <towar>Podolska legenda</towar>
  <towar>Uciec jak najwyżej</towar>
  <towar>ABC domu</towar>
  <towar>Inżynierowie dusz</towar>
  <towar>Człowiek w jednej rękawiczce</towar>
  <towar>Wielka Księga Sztuki</towar>
  <towar>Grottger.Pięć cyklów.</towar>
  <towar>Antyki.Stylowe meble,szkło,ceramika,srebra,zegary</towar>
  <towar>Dobre obyczaje czyli z przyroda za pan brat</towar>
  <towar>Biesiada z aniołami</towar>
  <towar>Trudna milość</towar>
  <towar>Złote nietoperze.</towar>
  <towar>Wyspa serc niespokojnych</towar>
  <towar>Przeklęte, zaklęte</towar>
  <towar>Ostatnie lato w Arkadii.</towar>
  <towar>Pomysły na mały ogrod.</towar>
  <towar>Warzywa</towar>
  <towar>Hasło ogrodnicze</towar>
  <towar>Sad</towar>
  <towar>Farmer 14</towar>
  <towar>Farmer 12</towar>
  <towar>Przegląd pszczelarski nr 4 (9) 2007</towar>
  <towar>Przegląd pszczelarski  nr 1 (6) 2007</towar>
  <towar>Za miastem 7</towar>
  <towar>Za miastem 8</towar>
  <towar>Zabytki nr 4 (19) lipiec/sierpień 2007</towar>
  <towar>Zabytki nr 3 (18) maj/czerwiec 2007</towar>
  <towar>Zabytki nr 2 (17) marzec/kwiecień 2007</towar>
  <towar>Zabytki nr 1 (16) styczeń/ luty 2007</towar>
  <towar>Zabytki nr 6 (15) listopad/grudzień 2006</towar>
  <towar>Zabytki nr 5 (14) wrzesień/październik 2006</towar>
  <towar>Zabytki nr 4 (13) lipiec/sierpień 2006</towar>
  <towar>Zabytki nr 3 (12) czerwiec 2006</towar>
  <towar>Zabytki nr 2 (11) marzec/kwiecień 2006</towar>
  <towar>Zabytki nr 1 (10) styczeń/luty 2006</towar>
  <towar>Detektyw nr 2</towar>
  <towar>Życie Polskie w dawnych wiekach</towar>
  <towar>Irgi uprawiane  w Polsce.</towar>
  <towar>Wielki atlas roślin miododajnych</towar>
  <towar>Bartnictwo Kurpiowskiej Puszczy Zielonej</towar>
  <towar>Barcie i kłody w Polsce.</towar>
  <towar>Ochrona środowiska</towar>
  <towar>Spojrzenia.</towar>
  <towar>Rocznik mazowieckiego konserwatora zabytków I.</towar>
  <towar>Szkło europejskie.</towar>
  <towar>Ceramika europejska.</towar>
  <towar>Rembrandt.Rysunki i ryciny w zbiorach polskich.</towar>
  <towar>Kieszonkowy atlas grzybów</towar>
  <towar>Rośliny.Spotkania z przyrodą.</towar>
  <towar>Ptaki Polski.Encyklopedia ilustrowana.</towar>
  <towar>Wodny świat akwarium.</towar>
  <towar>Rasy koni.</towar>
  <towar>Rasy kotów</towar>
  <towar>Katedra w Barcelonie.</towar>
  <towar>Abc sadownictwa.Krok po kroku.</towar>
  <towar>Ptaki w lesie, parku i ogrodzie.</towar>
  <towar>Ryby akwariowe.</towar>
  <towar>Pielęgnujemy rośliny pokojowe.</towar>
  <towar>Abc cięcia drzew i krzewów.</towar>
  <towar>Choroby i szkodniki drzew i krzewów ozdobnych</towar>
  <towar>Ogród.Praktyczny poradnik.</towar>
  <towar>Abc kwiaty w ogrodzie.</towar>
  <towar>Rośliny ozdobą domu.</towar>
  <towar>Leksykon przyrody.Gołębie</towar>
  <towar>Zielarstwo z przepisami dziadka.</towar>
  <towar>Pielęgnowanie i leczenie roślin pokojowych</towar>
  <towar>Uprawa kwiatów w domu</towar>
  <towar>Praktyczna Encyklopedia Ogrodnictwa</towar>
  <towar>Poradnik jeździecki</towar>
  <towar>Iglaki w ogrodzie</towar>
  <towar>Projekty Ogrodów</towar>
  <towar>Szkoła jazdy konnej</towar>
  <towar>Łowienie ryb</towar>
  <towar>Drzewa w ogrodzie</towar>
  <towar>Cięcie drzew i krzewów ozdobnych</towar>
  <towar>Szczepienie drzew i krzewów ozdobnych</towar>
  <towar>Cięcie i formowanie roślin</towar>
  <towar>Mój pierwszy ogród</towar>
  <towar>Mój piękny ogród przez 365 dni</towar>
  <towar>Choroby i szkodniki warzyw</towar>
  <towar>Cięcie drzew i krzewów owocowych</towar>
  <towar>Abc rozmnażania roślin przez sadzonki</towar>
  <towar>Abc warzywnictwa</towar>
  <towar>Grzyby - przewodnik</towar>
  <towar>Encyklopedia roślin ogrodowych</towar>
  <towar>Atlas ptaków Europy</towar>
  <towar>Atlas roślin ogrodowych</towar>
  <towar>Fizjolog</towar>
  <towar>Miś czyli świat według Barei</towar>
  <towar>Arystofanes.Komedie.Tom II</towar>
  <towar>Rok w podróży.Dziennniki pasjonatki.</towar>
  <towar>Klaudiusz Elian.Opowiastki rozmaite.Listy wieśniaków</towar>
  <towar>Plaut.Komedie.Tom II</towar>
  <towar>Arystofanes.Komedie.Tom I</towar>
  <towar>Klaudiusz Elian.O właściwościach zwierząt.</towar>
  <towar>Poliajnos.Podstępy wojenne.</towar>
  <towar>Mój ojciec Paweł Jasienica</towar>
  <towar>Holocaust w fotografiach.Interpretacje dowodów</towar>
  <towar>Terencjusz.Komedie.Tom II</towar>
  <towar>Szczęściara</towar>
  <towar>Sofokles.Antygona</towar>
  <towar>Plutarch.Żywoty równoległe.Tom I</towar>
  <towar>Ajschines.Mowy</towar>
  <towar>Plutarch.Żywoty równogłe.Tom II</towar>
  <towar>Posejdippos.Epigramy</towar>
  <towar>Eurypides.Tragedie.Tom I</towar>
  <towar>Plaut.Komedie.Tom III</towar>
  <towar>Plaut.Komedie.Tom III</towar>
  <towar>Polityka jako obietnica.</towar>
  <towar>Niebezpieczne kobiety</towar>
  <towar>Nienawiść</towar>
  <towar>Eurypides.Tragedie.Tom II</towar>
  <towar>Prokopiusz z Cezarei.O budowach</towar>
  <towar>Wielki Początek.14 miliardów lat kosmicznej ewolucji.</towar>
  <towar>Terencjusz.Komedie.Tom I</towar>
  <towar>Zły</towar>
  <towar>Dzieci Rifa'y.Muzułmanie i nowoczesność</towar>
  <towar>Niewyjaśnione zagadki historii Polski.Wielkie zagadki</towar>
  <towar>100 dni Robespierre'a.Wielki terror</towar>
  <towar>Smoczy zwój</towar>
  <towar>Niewyjaśnione zagadki historii świata.Wielkie zagadki</towar>
  <towar>Zakomponuj własny ogród.Praktyczny poradnik.</towar>
  <towar>Saladyn Wielki i upadek Jerozolimy.</towar>
  <towar>Ogród japoński po polsku</towar>
  <towar>Tajne związki i stowarzyszenia.Wielkie tajemnice historii.</towar>
  <towar>Bizancjum i wyprawy krzyżowe</towar>
  <towar>Asy lotnictwa bombowego Luftwaffe</towar>
  <towar>Zaginiony skarb Templariuszy</towar>
  <towar>Dziennik z Morza  Corteza.</towar>
  <towar>Alianci lądują!Normadia 1944</towar>
  <towar>Wojna Hannibala</towar>
  <towar>Droga Birmańska.Wojna w Azji południowo-wschodniej 1941-1945</towar>
  <towar>Cierpliwa ciężarówka.Książeczka na kółeczkach.</towar>
  <towar>Wojna na Morzu Południowym</towar>
  <towar>Najpiękniejsze kwiaty letnie.Katalog roślin i poradnik.</towar>
  <towar>Pora wstawać!</towar>
  <towar>Wesołe miasteczko</towar>
  <towar>Operacja Warszawska.Sierpień 1920</towar>
  <towar>Dzieci piszą bajki.</towar>
  <towar>Bajki Ezopa.</towar>
  <towar>Christian de la Maziere .Marzyciel w hełmie.Francuz w Waffen SS</towar>
  <towar>Nieznana rodzina Hitlerów.</towar>
  <towar>Atlas świata dla dzieci</towar>
  <towar>O rety!Zmień obrazek. A kto to?</towar>
  <towar>Raz,dwa,trzy.Zmień obrazek</towar>
  <towar>Aleksander Macedoński zdobywca świata</towar>
  <towar>Dublin 1916</towar>
  <towar>Krym 1854-1855</towar>
  <towar>Akcjum 31 p.n.e.</towar>
  <towar>Vicksburg 1862-1863</towar>
  <towar>Benito Mussolini...jakiego nie znamy</towar>
  <towar>Budzić nadzieję.Abecadło dziewięćdziesięciolatka</towar>
  <towar>Atlas ziół krajowych</towar>
  <towar>Detroit 1763</towar>
  <towar>Navarino 1827</towar>
  <towar>Batoche 1885</towar>
  <towar>Połtawa 1709</towar>
  <towar>Przemyśl 1656-1657</towar>
  <towar>Ściółki, mulcze, rośliny okrywowe</towar>
  <towar>Inczhon-Seul 1950</towar>
  <towar>Tannenberg 1914</towar>
  <towar>Wagram 1809</towar>
  <towar>Tajemnica Esseńczyków.</towar>
  <towar>Cajamarca 1532</towar>
  <towar>Praga 1751</towar>
  <towar>Civita Castellana 1798</towar>
  <towar>Siedmiogród 1944</towar>
  <towar>Malta 1565</towar>
  <towar>Tarutino 1812</towar>
  <towar>Smoleńsk 1812</towar>
  <towar>Chancellorsville 1863</towar>
  <towar>Zaginiona kolonia Templariuszy</towar>
  <towar>Mroczny świat królów hiszpańskich.</towar>
  <towar>Berlin 1945</towar>
  <towar>Pustynia i skorpiony.Wojsko polskie w Iraku 1942-1943</towar>
  <towar>Gladiatorzy</towar>
  <towar>Attyla bicz Boży</towar>
  <towar>Leyte 1944</towar>
  <towar>Magenta-Solferino 1859</towar>
  <towar>Łuck 1916</towar>
  <towar>Wietnam 1962-1975</towar>
  <towar>Babilon 729-648 p.n.e.</towar>
  <towar>Wojna na Morzu Śródziemnym</towar>
  <towar>Wielka  wojna francuzów 1914-1918</towar>
  <towar>Słowianie-Słowianie zachodni.Początki państwowości</towar>
  <towar>Rzym Cezar.Tom I</towar>
  <towar>Ostatnie królowe Egiptu</towar>
  <towar>Rzym Kleopatra.Tom II</towar>
  <towar>Encyklopedia drzew i krzewów.</towar>
  <towar>Encyklopedia kotów</towar>
  <towar>Encyklopedia psów</towar>
  <towar>Encyklopedia europejskich i egzotycznych ptaków ozdobnych.</towar>
  <towar>Oczy smoka.Milość.Egzotyka.Sensacje</towar>
  <towar>Encyklopedia róż</towar>
  <towar>Encyklopedia kur ozdobnych</towar>
  <towar>Początki Polski.Zagadki i tajemnice</towar>
  <towar>Krwawe  cesarzowe</towar>
  <towar>Pola w ogniu.</towar>
  <towar>Mity, błędy i oszustwa w historii.</towar>
  <towar>Sztylet Medyceuszy</towar>
  <towar>Od Mieszka I do Jana Pawła II</towar>
  <towar>Największe błędy militarne w historii wojen</towar>
  <towar>Ateńska trucizna.</towar>
  <towar>Największe afery w dziejach świata.</towar>
  <towar>Tyrani i zbrodniarze.Najwięksi nikczemnicy w dziejach świata.</towar>
  <towar>Samuraje</towar>
  <towar>Armie świata antycznego</towar>
  <towar>Słowianie-Słowianie wschodni</towar>
  <towar>Encyklopedia kaktusów</towar>
  <towar>Na szczytach Alp.</towar>
  <towar>Słowianie -Słowianie zachodni.Monarchie wczesnofeudalne</towar>
  <towar>Najpiękniejsze parki i ogrody Polski.</towar>
  <towar>Czwarta krucjata</towar>
  <towar>Wyprawy krzyżowe.Etiopia</towar>
  <towar>Wyprawy krzyżowe.Husyci</towar>
  <towar>Wyprawy krzyżowe.Francuzi</towar>
  <towar>Na pierwszej linii krwawy las</towar>
  <towar>Kreta 1941</towar>
  <towar>Holokaust zrozumieć dlaczego</towar>
  <towar>Akwarium doskonałe</towar>
  <towar>100 największych katastrof wszechczasów</towar>
  <towar>Pojedynek na oceanie</towar>
  <towar>Noc świętego Brtłomieja</towar>
  <towar>Venona.Największa tajemnica Zimnej Wojny</towar>
  <towar>Magiczna różdżka-kaczka</towar>
  <towar>Magiczna różdżka-pies</towar>
  <towar>Pracowity pociąg.</towar>
  <towar>Na plaży</towar>
  <towar>Dziecko Noego</towar>
  <towar>Dziecko Noego</towar>
  <towar>Koniec człowieka</towar>
  <towar>Warto mimo wszystko</towar>
  <towar>Wejść tam nie można</towar>
  <towar>Romeo i Julia.Hamlet.Makbet</towar>
  <towar>Kupiec wenecki</towar>
  <towar>Dziewczynka w czerwonym płaszczyku</towar>
  <towar>Ksiądz na manowcach</towar>
  <towar>Historia filozofii po góralsku</towar>
  <towar>Autobiografia</towar>
  <towar>Dziennik</towar>
  <towar>Coś pożyczonego</towar>
  <towar>Tropem SB.Jak czytać książki</towar>
  <towar>Brat Roger-założyciel Taize</towar>
  <towar>Płyty CD 1-4 do Historii filozofii</towar>
  <towar>Donos na Wojtyłę</towar>
  <towar>Album Himalaje/Misja Everest</towar>
  <towar>Europa mięzy wschodem a zachodem</towar>
  <towar>Rozmowy z katem</towar>
  <towar>Druga wojna czeczeńska</towar>
  <towar>Żywioł ognia</towar>
  <towar>Widnokrąg</towar>
  <towar>Detoks .Poradnik</towar>
  <towar>Helmut Work Newton</towar>
  <towar>Wśród znajomych</towar>
  <towar>Śalimar Klaun</towar>
  <towar>Cofam Wypowiedziane Słowa</towar>
  <towar>Tajemnica Brokeback Mountain</towar>
  <towar>Ziemia pod jej stopami</towar>
  <towar>Miasteczka</towar>
  <towar>Terrorysta</towar>
  <towar>Noc Wyroczni</towar>
  <towar>Stowarzyszenie Umarłych Poetów</towar>
  <towar>Hymn na cześć koktajlu</towar>
  <towar>Pozycja</towar>
  <towar>Zabić Drozda</towar>
  <towar>Akwarium</towar>
  <towar>Mama odeszła</towar>
  <towar>Wodospad</towar>
  <towar>Zamach</towar>
  <towar>Sztandar chwały.</towar>
  <towar>Bitwa o Atlantyk</towar>
  <towar>Anatomia Faszyzmu</towar>
  <towar>Marsz Czarnych Diabłów.Odyseja dywizji pancernej Gen.Maczka</towar>
  <towar>Zabójcy.Widma wychodzą z cienia</towar>
  <towar>Imperator.Bramy Rzymu</towar>
  <towar>Imperator.Pole Mieczy</towar>
  <towar>Imperator.Śmierć Królów.</towar>
  <towar>Rubio</towar>
  <towar>Białe Jabłka</towar>
  <towar>Oko dnia</towar>
  <towar>Werniks</towar>
  <towar>Śpiąc w płomieniu</towar>
  <towar>Drewniane Morze.</towar>
  <towar>Zaślubiny patyków.</towar>
  <towar>Całując ul.</towar>
  <towar>Historia Drugiej Wojny Światowej 1939-1945</towar>
  <towar>Dama z gronostajem.</towar>
  <towar>Bursztynowa komnata.</towar>
  <towar>Odkrycia. Podróże kapitana Cooka</towar>
  <towar>Upadek Cesarstawa Rzymskiego</towar>
  <towar>Balsam dla Duszy miłośnika psów.</towar>
  <towar>Balsam dla Duszy  miłośnika kotów.</towar>
  <towar>Tato</towar>
  <towar>Dom na Sekwanie.</towar>
  <towar>Szrapnel</towar>
  <towar>Ptasiek</towar>
  <towar>Opowieści z Moulin Du Bruit</towar>
  <towar>Dom na krańcu świata</towar>
  <towar>Kraina Chichów</towar>
  <towar>Poza ciszą.</towar>
  <towar>Troja.Pan srebrnego łuku.</towar>
  <towar>Szaleństwa Brooklynu</towar>
  <towar>Palec Galileusza.</towar>
  <towar>Świat jest płaski.Krótka historia XXI wieku.</towar>
  <towar>Kampania afgańska</towar>
  <towar>Duma Kartaginy.</towar>
  <towar>Wyjątkowe czasy.</towar>
  <towar>Szkoła uczuć.</towar>
  <towar>O jeden most za daleko</towar>
  <towar>Poza krawędź świata.</towar>
  <towar>Aleksander Wielki</towar>
  <towar>Miłość, ciekawość, prozac i wątpliwości.</towar>
  <towar>O sztuce miłości</towar>
  <towar>Szklana zupa</towar>
  <towar>Dieta south beach</towar>
  <towar>Odchudzanie weekendowe</towar>
  <towar>Jesteś tym, co jesz</towar>
  <towar>Cień zwycięstwa.I część trylogii ''Cień zwycięstwa"</towar>
  <towar>Wysadzić Rosję</towar>
  <towar>Imperator.Bogowie wojny</towar>
  <towar>Historia piękna.</towar>
  <towar>Nagle w głębi lasu</towar>
  <towar>Kody miłości</towar>
  <towar>Więc myślisz, że jesteś człowiekiem?</towar>
  <towar>Mieć czy być?</towar>
  <towar>Archiwum Mitrochina II</towar>
  <towar>Trzy opowieści</towar>
  <towar>Mugole i magia</towar>
  <towar>Księga wiedzy czarodziejskiej.</towar>
  <towar>Po prostu Puchatek.Myśli o Przyprawach i Wyprawach</towar>
  <towar>Przygody Sinbada Żeglarza</towar>
  <towar>Kropka poznaje świat</towar>
  <towar>Klechdy sezamowe</towar>
  <towar>Kubusia Puchatka Ksiega Wiosny</towar>
  <towar>Kubuś  Puchatek i filozofowie</towar>
  <towar>Księga krzepiących kontaktów Kubusia Puchatka</towar>
  <towar>Kubusia Pucgatka Mała Księga Przyjaźni</towar>
  <towar>Po prostu Puchatek.Myśli szczęśliwe</towar>
  <towar>Po prostu puchatek .Myśli na niepogodę</towar>
  <towar>Po prostu Puchatek.Myśl i odkryj  misia w sobie</towar>
  <towar>Buddyzm zen i psychoanaliza</towar>
  <towar>Przysmaki z kapusty kiszonej</towar>
  <towar>Rośliny pokojowe</towar>
  <towar>Monte Cassino</towar>
  <towar>Alfabet szulerów cz.I</towar>
  <towar>Alfabet szulerów cz. II</towar>
  <towar>Asfaltowy salon</towar>
  <towar>Empireum</towar>
  <towar>MW</towar>
  <towar>Najgorszy</towar>
  <towar>Ostatnia Kohorta t.1/2</towar>
  <towar>Rzeczpospolita kłamców-salon</towar>
  <towar>Stulecie kłamców</towar>
  <towar>Cena</towar>
  <towar>Malarstwo Białego Człowieka Tom I</towar>
  <towar>Malarstwo Białego Człowieka Tom III</towar>
  <towar>Malarstwo Białego Człowieka Tom IV</towar>
  <towar>Napoleon fortyfikator</towar>
  <towar>Piórem i mieczem</towar>
  <towar>Chopin</towar>
  <towar>Polska(album)</towar>
  <towar>Poland(album)</towar>
  <towar>Czarodziejski Świat Łazienek Królewskich</towar>
  <towar>Apteka Pana Boga</towar>
  <towar>Marszałek Piłsudski i Polacy w obronie Europy</towar>
  <towar>W celi śmierci</towar>
  <towar>Kamyk na szańcu</towar>
  <towar>Marszałek Józef Piłsudski</towar>
  <towar>Słownik mitów i tradycji kultury</towar>
  <towar>Na probostwie w Wyszkowie 85 lat później</towar>
  <towar>Druhno Oleńko! Druhu Andrzeju!</towar>
  <towar>Alianci</towar>
  <towar>Najmłodsi od "Parasola"</towar>
  <towar>Tadeusz Janczar</towar>
  <towar>Rudy,Alek,Zośka</towar>
  <towar>Józef Piłsudski 1867-1935</towar>
  <towar>Ponury major Jan Piwnik 1912-1944</towar>
  <towar>"Żmudzin" Bolesław Kontrym 1898-1953</towar>
  <towar>W pułapce losu</towar>
  <towar>Na barykadach Warszawy</towar>
  <towar>Powstanie Warszawskie</towar>
  <towar>Traktat pokoju między Rosją a Polską i Ukrainą</towar>
  <towar>Dwaj jeźdźcy apokalipsy</towar>
  <towar>W stronę zachodzącego słońca</towar>
  <towar>Hubal</towar>
  <towar>Generał Sikorski</towar>
  <towar>Szare Szeregi Tom 1</towar>
  <towar>Roman Wilhelmi I tak będę wielki</towar>
  <towar>Opowieści o rzeczach powszednich</towar>
  <towar>Kampania Polska 1939 roku</towar>
  <towar>Na Widecie</towar>
  <towar>Zanim złamano Enigmę</towar>
  <towar>Generał Tadeusz Bór - Komorowski</towar>
  <towar>Generał Stefan Rowecki " Grot"</towar>
  <towar>Generał Fieldorf " Nil "-kpl.</towar>
  <towar>Perfekcyjna Niedoskonałość</towar>
  <towar>Ono</towar>
  <towar>Razem osobno</towar>
  <towar>Pod Mocnym Aniołem</towar>
  <towar>Nowa antologia osobista</towar>
  <towar>Nic Dwa Razy ( Wybór wierszy )</towar>
  <towar>Ciemna Miłość</towar>
  <towar>Szczęśliwe lata udręki</towar>
  <towar>Ferdydurke</towar>
  <towar>Lustro Pana Grymsa</towar>
  <towar>Gombrowicz w Argentynie</towar>
  <towar>Brama</towar>
  <towar>Poezje wybrane</towar>
  <towar>Rotters' Club</towar>
  <towar>Molekuły Emocji</towar>
  <towar>Dom Dzienny,Dom Nocny</towar>
  <towar>Niesamowita Słowiańszczyzna</towar>
  <towar>Tamta strona ciszy</towar>
  <towar>Bestiarium</towar>
  <towar>Poczwarka</towar>
  <towar>Gra na wielu bębenkach</towar>
  <towar>Myśli nieuczesane</towar>
  <towar>Po życiu</towar>
  <towar>Chłopiec w pasiastej piżamie</towar>
  <towar>Sto wierszy - Sto pociech</towar>
  <towar>Zmysł udziału - wybór wierszy</towar>
  <towar>Rien ne va plus</towar>
  <towar>Noc</towar>
  <towar>Morawagin</towar>
  <towar>Cienie</towar>
  <towar>Był sobie chłopiec</towar>
  <towar>Zmierzch starego świata</towar>
  <towar>Czarny wtorek</towar>
  <towar>Ogród wokół domu.Elementy naturalne i zasady kompozycji.</towar>
  <towar>Mój Ojciec GENERAŁ ANDERS</towar>
  <towar>Pantaleon i wizytantki</towar>
  <towar>Niezidentyfikowany obiekt halucynogenny</towar>
  <towar>Diariusz najmniejszy</towar>
  <towar>Kobieta nie jest grzechem</towar>
  <towar>Filozofia i życie</towar>
  <towar>Zaufanie.Fundament społeczeństwa</towar>
  <towar>Dziewczyna,której jedno w głowie</towar>
  <towar>Szelmostwa niegrzecznej dziewczynki</towar>
  <towar>Kto zabił Palomina Molero</towar>
  <towar>Szanse etyki w zglobalizowanym świecie</towar>
  <towar>Stalin Dwór Czerwonego Cara</towar>
  <towar>Rosja Bolszewików</towar>
  <towar>Żołnierze Widma</towar>
  <towar>Rewolucja Rosyjska</towar>
  <towar>Dwanaście dni.Rewolucja węgierska 1956</towar>
  <towar>Pisarz na wojnie.</towar>
  <towar>10 dni do D-Day.Ostatnie chwile przed wyzwoleniem Europy</towar>
  <towar>Stan Zakłamania</towar>
  <towar>Śmierć Dysydenta</towar>
  <towar>Napoleon.Życie po śmierci</towar>
  <towar>Oblicze zła</towar>
  <towar>Obywatele w mundurach</towar>
  <towar>Szaleństwo Stalina</towar>
  <towar>Krótka Historia Rewolucji Rosyjskiej</towar>
  <towar>Enigma .Załamanie kodu U-Bootów</towar>
  <towar>Aleksander II Ostatni Wielki Car</towar>
  <towar>D-Day.6 czerwca 1944</towar>
  <towar>Cień Kremla</towar>
  <towar>Rosja Carów</towar>
  <towar>Smak życia.</towar>
  <towar>Porzucone sutanny</towar>
  <towar>Pan Blaki</towar>
  <towar>Brokat w oku</towar>
  <towar>Klara i Anioł</towar>
  <towar>Japanese Gardens</towar>
  <towar>The roses</towar>
  <towar>Moda.Historia mody od XVIII do XX wieku</towar>
  <towar>Provence style</towar>
  <towar>The Afghan</towar>
  <towar>Ashes to ashes</towar>
  <towar>Atonement</towar>
  <towar>The black dahlia</towar>
  <towar>Blind willow, sleeping woman</towar>
  <towar>A book of five rings</towar>
  <towar>The book thief</towar>
  <towar>By the pricking of my thumbs</towar>
  <towar>Cat o nine tales</towar>
  <towar>Cats Cradle</towar>
  <towar>The catcher in the rye</towar>
  <towar>The chamber</towar>
  <towar>The collectors</towar>
  <towar>The house at Riverton</towar>
  <towar>The innocent man</towar>
  <towar>Diaries 1969-1979</towar>
  <towar>Nine</towar>
  <towar>The public confessions of a middle aged woman</towar>
  <towar>Putins Russia</towar>
  <towar>A question of honor</towar>
  <towar>Travels with Herodotus</towar>
  <towar>The unseen University cut-out book</towar>
  <towar>A wild sheep chase</towar>
  <towar>Wintersmith</towar>
  <towar>Dziesięć stron świata</towar>
  <towar>Kore</towar>
  <towar>Wojna Iwana</towar>
  <towar>Kapitanowie</towar>
  <towar>Smak lodowego pocałunku</towar>
  <towar>Kalendarz biodynamiczny 2008</towar>
  <towar>Ognisty anioł</towar>
  <towar>Od słowa do słowa</towar>
  <towar>Kuba Fidela Castro</towar>
  <towar>SZTUKA KONSERWACJI I RESTAURACJI</towar>
  <towar>Stuknąć w kamień serca</towar>
  <towar>Urodzony dezerter</towar>
  <towar>Stale w kratkę</towar>
  <towar>Bliscy i obcy</towar>
  <towar>ODYSEJA TALBOTA</towar>
  <towar>Pamięć kości</towar>
  <towar>Krok w krok za Mary</towar>
  <towar>Madonna z hiacyntem</towar>
  <towar>Mój PRL</towar>
  <towar>Nowe przygody Mikołajka tom 2</towar>
  <towar>Zakochany duch</towar>
  <towar>Córka grabarza</towar>
  <towar>Historia brzydoty</towar>
  <towar>Schyłek Rosji</towar>
  <towar>Rubens Van Dyck Jordaens</towar>
  <towar>Kodeks Archimedesa</towar>
  <towar>Rewolucja rosyjska. Trzy pytania</towar>
  <towar>Kieszonkowy atlas zwierząt Europy</towar>
  <towar>Choroby zapalne stawów</towar>
  <towar>The children of hurin</towar>
  <towar>Imperium</towar>
  <towar>New Europe</towar>
  <towar>The woods</towar>
  <towar>Fotografia XX wieku</towar>
  <towar>Dean James</towar>
  <towar>Garbo Greta</towar>
  <towar>Kelly Grace</towar>
  <towar>Marx Brothers</towar>
  <towar>Moda dzisiaj</towar>
  <towar>Arcydzieła malarstwa polskiego</towar>
  <towar>Dom Boga</towar>
  <towar>Europa. Cuda przyrody</towar>
  <towar>Historia malarstwa</towar>
  <towar>Historia ogrodów</towar>
  <towar>Koktajle</towar>
  <towar>Podróże marzeń</towar>
  <towar>Ryby i owoce morza</towar>
  <towar>Sery. Porady dla smakosza</towar>
  <towar>Skarby Egiptu</towar>
  <towar>Świat w obiektywie</towar>
  <towar>Święty Mikołaj</towar>
  <towar>Wino. Porady dla smakosza</towar>
  <towar>Zamki świata</towar>
  <towar>Cuchnący Wersal</towar>
  <towar>Miłosne igraszki rosyjskich caryc</towar>
  <towar>Wielcy zboczeńcy</towar>
  <towar>Sadowa 1866</towar>
  <towar>Wojna na Pacyfiku</towar>
  <towar>Czerwona gwiazda przeciw swastyce</towar>
  <towar>Czarna rzeka</towar>
  <towar>Frost i zastraszone miasto</towar>
  <towar>Symfonia śmierci</towar>
  <towar>Wszystko w czekoladzie</towar>
  <towar>Frost i Boże Narodzenie</towar>
  <towar>Furia</towar>
  <towar>Jan Bułhak Fotografik</towar>
  <towar>Brandenburg</towar>
  <towar>Spencerville</towar>
  <towar>Katedra</towar>
  <towar>Martwa natura z księżycem</towar>
  <towar>Wędrówka przez słówka</towar>
  <towar>Kalendarz pszczelarza2007</towar>
  <towar>Kalendarz pszczelarza 2008</towar>
  <towar>Innego końca świata nie będzie</towar>
  <towar>Kochanek</towar>
  <towar>Słodkie życie</towar>
  <towar>Europa w kuchni</towar>
  <towar>Rozsądek i romantyczność</towar>
  <towar>Pan Wołodyjowski</towar>
  <towar>Don Juan</towar>
  <towar>Wichrowe wzgórza</towar>
  <towar>Świętoszek</towar>
  <towar>Kaligula</towar>
  <towar>Dawid Copperfield</towar>
  <towar>Moralność Pani Dulska</towar>
  <towar>Kordian</towar>
  <towar>Szkoła żon</towar>
  <towar>Szewcy</towar>
  <towar>Balladyna</towar>
  <towar>Syzyfowe prace</towar>
  <towar>Obcy</towar>
  <towar>Książę</towar>
  <towar>Dramaty</towar>
  <towar>Stracone złudzenia</towar>
  <towar>Eugeniusz Oniegin</towar>
  <towar>Cierpienia młodego Wertera</towar>
  <towar>Ubu Król</towar>
  <towar>Klub Pickwicka</towar>
  <towar>Oliwer Twist</towar>
  <towar>Moby Dick</towar>
  <towar>Raj utracony</towar>
  <towar>Proces</towar>
  <towar>Biesy</towar>
  <towar>Bracia Karamazow</towar>
  <towar>Giaur</towar>
  <towar>Faust, cz.1</towar>
  <towar>Podróże Guliwera</towar>
  <towar>Lord Jim</towar>
  <towar>Faust</towar>
  <towar>Boska komedia</towar>
  <towar>Przygody dobrego wojaka Szwejka</towar>
  <towar>Bajki przedszkolaka. O zwierzątkach</towar>
  <towar>Bajki przedszkolaka. 5-6 lat</towar>
  <towar>Bajki przedszkolaka. O przyjaźni</towar>
  <towar>Bajki przedszkolaka. O królewnach</towar>
  <towar>Wojna i pokój. Tom III-IV</towar>
  <towar>Pollyanna dorasta</towar>
  <towar>Portret Doriana Graya</towar>
  <towar>Baśnie nad baśniami</towar>
  <towar>Tajemnica zielonej pieczęci</towar>
  <towar>Pollyanna</towar>
  <towar>O dwóch takich co ukradli księżyc</towar>
  <towar>Kajtuś czarodziej</towar>
  <towar>Tajemniczy ogród</towar>
  <towar>Pustelnia Parmeńska</towar>
  <towar>Czerwone i czarne</towar>
  <towar>Król Maciuś Pierwszy</towar>
  <towar>Baśnie nad baśniami</towar>
  <towar>Kolekcja sreber</towar>
  <towar>Chłopak na opak</towar>
  <towar>Ucho od śledzia</towar>
  <towar>Głowa na tranzystorach</towar>
  <towar>Baśnie dla maluchów</towar>
  <towar>Legendy polskie dla maluchów</towar>
  <towar>Baśnie dla maluchów</towar>
  <towar>Baśnie polskie dla maluchów</towar>
  <towar>Najpiękniejsze bajki</towar>
  <towar>Kłopoty Doktora Dolittle</towar>
  <towar>Wielka podróż Doktora Dolittle</towar>
  <towar>Doktor Dolittle i tajemnica starego dworu</towar>
  <towar>Doktor Dolittle i przyjaciele z cyrku</towar>
  <towar>Wojna i pokój. Tom I-II</towar>
  <towar>Najpiękniejsze wiersze dla dzieci</towar>
  <towar>Pociąg z literkami. Część 4</towar>
  <towar>Pociąg z literkami. Część 1</towar>
  <towar>Pociąg z literkami. Część 6</towar>
  <towar>Pociąg z literkami. Część 3</towar>
  <towar>Pociąg z literkami. Część 2</towar>
  <towar>Pociąg z literkami. Część 7</towar>
  <towar>Pociąg z literkami. Część 5</towar>
  <towar>Faraon</towar>
  <towar>20 000 mil podmorskiej  żeglugi</towar>
  <towar>Mały Bizon</towar>
  <towar>I Ty zostaniesz Indianinem</towar>
  <towar>Trzej muszkieterowie</towar>
  <towar>Tajemnicza wyspa</towar>
  <towar>Na jagody</towar>
  <towar>Pinokio</towar>
  <towar>Alicja w krainie czarów</towar>
  <towar>Wesele</towar>
  <towar>Dzieje grzechu</towar>
  <towar>Ogniem i mieczem</towar>
  <towar>Lalka</towar>
  <towar>Fraszki.Pieśni.Treny</towar>
  <towar>Nad Niemnem</towar>
  <towar>Duma i uprzedzenie</towar>
  <towar>Anna Karenina</towar>
  <towar>Chłopi</towar>
  <towar>Magbet</towar>
  <towar>Hamlet</towar>
  <towar>Nie-boska komedia</towar>
  <towar>Dziady</towar>
  <towar>Powrót posła</towar>
  <towar>Granica</towar>
  <towar>Potop</towar>
  <towar>Dziewczęta z Nowolipek</towar>
  <towar>Przedwiośnie</towar>
  <towar>Ballady i romanse</towar>
  <towar>Pan Tadeusz</towar>
  <towar>Konrad Wallenrod</towar>
  <towar>Medaliony</towar>
  <towar>Quo vadis</towar>
  <towar>Stara baśń</towar>
  <towar>Krzyżacy</towar>
  <towar>Zbójcy</towar>
  <towar>Baśnie z tysiąca i jednej nocy</towar>
  <towar>Bajki</towar>
  <towar>Antygona</towar>
  <towar>Romeo i Julia</towar>
  <towar>Ludzie bezdomni</towar>
  <towar>Bajki przedszkolaka. O krasnoludkach</towar>
  <towar>Izba-izdebka. Najpiękniejsze bajki rosyjskie</towar>
  <towar>Magiczne święta</towar>
  <towar>Księga bajek świata</towar>
  <towar>Księga bajek polskich</towar>
  <towar>Magiczna gwiazdka Dusia</towar>
  <towar>Zimowe malowanki. 3-4 lata</towar>
  <towar>Mikołajowe malowanki</towar>
  <towar>Zimowe łamigłówki</towar>
  <towar>Zimowe malowanki. 5-6 lat</towar>
  <towar>Najpiękniejsze wiersze dla dzieci</towar>
  <towar>Planeta dinozaurów</towar>
  <towar>Atlas zwierząt Polski</towar>
  <towar>Atlas zwierząt w Zoo</towar>
  <towar>Atlas dinozaurów dla dzieci</towar>
  <towar>Atlas zwierząt świata</towar>
  <towar>Bajkowe święta</towar>
  <towar>Opowieść wigilijna</towar>
  <towar>Skarbnica baśni i legend polskich</towar>
  <towar>List do świętego Mikołaja</towar>
  <towar>Nadchodzi Boże Narodzenie</towar>
  <towar>Choinka</towar>
  <towar>365 dobranocek</towar>
  <towar>Zaczarowane Boże Narodzenie</towar>
  <towar>Bajki od św.Mikołaja</towar>
  <towar>Święty Mikołaj i przyjaciele</towar>
  <towar>Bajki pod choinkę</towar>
  <towar>Chocim 1673</towar>
  <towar>Historia kanibalizmu</towar>
  <towar>Śmierć generała Sikorskiego</towar>
  <towar>Decyzje, które wstrząsnęły światem</towar>
  <towar>Według Lucyfera</towar>
  <towar>Rocznik mazowieckiego konserwatora zabytków II</towar>
  <towar>Beresteczko 1651</towar>
  <towar>Wojna powietrzna 1939-1945</towar>
  <towar>Winorośl</towar>
  <towar>Święty Mikołaj. Zimowe noski</towar>
  <towar>Czas pogardy</towar>
  <towar>Narrenturm</towar>
  <towar>Pani Jeziora</towar>
  <towar>Szczegół. Trzy krótkie powieści</towar>
  <towar>Rzeź bezkręgowców</towar>
  <towar>Psychologia międzykulturowa</towar>
  <towar>9 Wigilii</towar>
  <towar>Tajemnica średniowiecza</towar>
  <towar>Kontaktowi czyli szklarze bez kitu</towar>
  <towar>Życie</towar>
  <towar>Dekoracje na Boże Narodzenie</towar>
  <towar>Zanim przyjdą święta</towar>
  <towar>Boże Narodzenie z aniołkiem</towar>
  <towar>Boże Narodzenie z choinką</towar>
  <towar>Piękne Boże Narodzenie</towar>
  <towar>Jak pracuje święty Mikołaj</towar>
  <towar>Zeszyty don Rigoberta</towar>
  <towar>Weźmisz czarno kure</towar>
  <towar>Moje nowe hobby</towar>
  <towar>Mała książka o feminizmie</towar>
  <towar>Mała książka o demokracji</towar>
  <towar>Alianci:Stalin, Roosevelt, Churchill</towar>
  <towar>Ogród inspirowany naturą</towar>
  <towar>Ogród owocowy</towar>
  <towar>Kwiaty jednoroczne i dwuletnie</towar>
  <towar>Gawędy starego chałturnika</towar>
  <towar>Lód</towar>
  <towar>Pamiętnik przetrwania</towar>
  <towar>Wszystko z miłości</towar>
  <towar>Ćwiczenia z Utraty</towar>
  <towar>Pogrążeni i ocaleni</towar>
  <towar>Bieguni</towar>
  <towar>Cała radość życia</towar>
  <towar>Księga łamigłówek</towar>
  <towar>Lektury przedszkolaka</towar>
  <towar>Dinozaury. Nauka i zabawa</towar>
  <towar>Dzikie zwierzęta. Nauka i zabawa</towar>
  <towar>Środki transportu. Nauka i zabawa</towar>
  <towar>Święta Bożego Narodzenia. Nauka i zabawa</towar>
  <towar>Zwierzęta i ich młode. Nauka i zabawa</towar>
  <towar>Świąteczne malowanki, zagadki i rebusy</towar>
  <towar>Piosenki przedszkolaka</towar>
  <towar>Zwierzęta Polski</towar>
  <towar>Rasy kotów</towar>
  <towar>Rośliny górskie</towar>
  <towar>Rośliny chronione</towar>
  <towar>Biologia</towar>
  <towar>Najpiękniejsze byliny</towar>
  <towar>Jakiej przeszłości potrzebuje przyszłość</towar>
  <towar>Żołnierze wyklęci</towar>
  <towar>Tragiczne wydarzenia za Bugiem i Sanem</towar>
  <towar>Chrzest ognia</towar>
  <towar>Krew elfów</towar>
  <towar>Miecz przeznaczenia</towar>
  <towar>Ostatnie życzenie</towar>
  <towar>Mistrz i Małgorzata</towar>
  <towar>Na dnie nieba</towar>
  <towar>Bartnictwo Kurpiowskiej Puszczy Zielonej</towar>
  <towar>Barcie i kłody w Polsce</towar>
  <towar>Wychowywanie chłopców</towar>
  <towar>Psychologia internetu</towar>
  <towar>Polacy w obronie Wielkiej Brytanii</towar>
  <towar>22 czerwca 1941</towar>
  <towar>Woda dla słoni</towar>
  <towar>Jedz, módl się, kochaj</towar>
  <towar>Króliki miniturowe łagodne i miłe</towar>
  <towar>Aleksander Technique</towar>
  <towar>Aromatherapy</towar>
  <towar>Energy Work</towar>
  <towar>Dreams</towar>
  <towar>Reiki</towar>
  <towar>Shiatsu</towar>
  <towar>The Grand Tour</towar>
  <towar>Miami Style</towar>
  <towar>Living in China</towar>
  <towar>Oko w oko</towar>
  <towar>Eye to eye</towar>
  <towar>Penguin</towar>
  <towar>Great Escapes.Around the world</towar>
  <towar>Czarny mercedes</towar>
  <towar>Śmierć i Kowalski</towar>
  <towar>Człowiek z blizną</towar>
  <towar>Zbrodniarz i panna</towar>
  <towar>Bardzo dużo pajacyków</towar>
  <towar>Afryka wschodnia 1914-1918</towar>
  <towar>Polska Kampania Napoleona</towar>
  <towar>Strzały w schronisku</towar>
  <towar>Krynica-Zdrój</towar>
  <towar>Kronika wystaw Muzeum Narodowego w Warszawie tom I</towar>
  <towar>Kronika wystaw Muzeum Narodowego w Warszawie tom II</towar>
  <towar>Elementarz ogrodnika</towar>
  <towar>Kuchnia Polska</towar>
  <towar>Trzy narzeczone</towar>
  <towar>Zabytki nr 2 (25) luty 2008</towar>
  <towar>Zabytki nr 2 (17) marzec/kwiecień 2007</towar>
  <towar>Mapa zabytków województwa lubuskiego</towar>
  <towar>Mapa zabytków województwa dolnośląskiego</towar>
  <towar>Zabytki nr 3 (5) wrzesień/październik 2001</towar>
  <towar>Mapa zabytków woj. podlaskiego 2007</towar>
  <towar>Mapa zabytków województwa kujawsko-pomorskiego</towar>
  <towar>Na oknie Bohdanowie-fotografia</towar>
  <towar>Nowogródek Rynek</towar>
  <towar>Kamieniołom</towar>
  <towar>Warszawa Widok na dachu starej dzielnicy</towar>
  <towar>Portret Reginy Ruszczycowej</towar>
  <towar>Mapa zabytków województwa pomorskiego</towar>
  <towar>Wilno. Katedra św Kazimierza</towar>
  <towar>Zabytki nr 4(9) jesień 2002</towar>
  <towar>Portret syna Janusza przy zegarze</towar>
  <towar>Bohdanów. Okno</towar>
  <towar>Mapa zabytków województwa śląskiego</towar>
  <towar>Kościół św Anny-Wilno</towar>
  <towar>Mapa zabytków województwa wielkopolskiego</towar>
  <towar>Mapa zabytków województwa łódzkiego</towar>
  <towar>Zabrze-Kościół</towar>
  <towar>Warszawa Kościół św Krzyża</towar>
  <towar>Mapa zabytków województwa zachodniopomorskiego</towar>
  <towar>Wilno- Kościół</towar>
  <towar>Mapa zapytków województwa podkarpackiego</towar>
  <towar>Mapa zabytków województwa lubelskiego</towar>
  <towar>Zabytki nr 2 (7) marzec/kwiecień 2002</towar>
  <towar>Zabytki nr 3 (8) maj/czerwiec/lipiec 2002</towar>
  <towar>Zabytki nr 1 (3) styczeń/luty 2001</towar>
  <towar>Zabytki nr 0 kwiecień 2000</towar>
  <towar>Zabytki nr 2 (4) lipiec/sierpień 2001</towar>
  <towar>Zabytki nr 1 (6) styczeń/luty 2002</towar>
  <towar>Mapa zabytków woj. mazowieckiego 2007</towar>
  <towar>Mapa zabytków województwa opolskiego</towar>
  <towar>Zabytki nr 5 (20) wrzesień 2007</towar>
  <towar>Zabytki nr 6 (21) październik 2007</towar>
  <towar>Mapa zabytków województwa warmińsko-mazurskie</towar>
  <towar>Zabytki nr 1 (1) lipiec 2000</towar>
  <towar>1000 pomysłów na ogród</towar>
  <towar>Ja. Próba rekonstrukcji</towar>
  <towar>Przegląd pszczelarski nr 2 (4) 2006</towar>
  <towar>Ogród pełen warzyw i owoców</towar>
  <towar>Przegląd pszczelarski nr 3 (5) 2006</towar>
  <towar>Przegląd pszczelarski nr 3 (8) 2007</towar>
  <towar>Trzy metry nad niebem</towar>
  <towar>Zabytki nr 7 (22) listopad 2007</towar>
  <towar>Zabytki nr 8 (23) grudzień 2007</towar>
  <towar>Przegląd pszczelarski nr 2 (7) 2007</towar>
  <towar>Jaskinia filozofów</towar>
  <towar>Mapa zabytków woj.podlaskiego</towar>
  <towar>mapa zabytków woj.mazowieckiego</towar>
  <towar>sehenswurdigkeiten woj. ermland-masuren</towar>
  <towar>notes pasieczny</towar>
  <towar>Mapa 100 niezwykłych zabytków Polski</towar>
  <towar>Komplet map zabytków 15</towar>
  <towar>Mapa zabytków woj.świętokrzyskiego</towar>
  <towar>Zabytki magiczne</towar>
  <towar>Zabytki nr 2(2) październik 2000</towar>
  <towar>Geniusz</towar>
  <towar>Ekskluzywny macho</towar>
  <towar>Zabytki nr 1(24) styczeń 2008</towar>
  <towar>Strach</towar>
  <towar>Cała ta jazda z Kiffo i Pitbullem</towar>
  <towar>Spe Salvi</towar>
  <towar>Wojna końca świata</towar>
  <towar>Dałem głos ubogim</towar>
  <towar>Stawy ogrodowe</towar>
  <towar>Diety oczyszczające organizm</towar>
  <towar>Harry Potter i insygnia śmierci</towar>
  <towar>Rzym i Jerozolima</towar>
  <towar>Kompania Braci</towar>
  <towar>Stalin</towar>
  <towar>Czyngis-Chan</towar>
  <towar>Harry Potter i insygnia śmierci</towar>
  <towar>Na Gołasa</towar>
  <towar>Córka Galileusza</towar>
  <towar>Księga wiedzy czarodziejskiej, wyd. rozszerzone</towar>
  <towar>Najdłuższy dzień</towar>
  <towar>Pułkownik Kukliński - tajna misja</towar>
  <towar>"Góra - Dolina" Adolf Pilch</towar>
  <towar>Przebraże bastion polskiej samoobrony na Wołyniu</towar>
  <towar>Co myślę patrząc na rozebraną Polkę</towar>
  <towar>Dawne dzieje Izraela t. 1-2</towar>
  <towar>Opłata za pobranie pocztowe</towar>
  <towar>Słownik wyrazów obcych i zwrotów obcojęzycznych z almanachem</towar>
  <towar>Co dolega twoim roślinom?</towar>
  <towar>Rozmnażanie roślin</towar>
  <towar>Detektyw nr 1</towar>
  <towar>USŁUGA PROMOCYJNA ZGODNIE Z UMOWĄ</towar>
  <towar>Tai chi</towar>
  <towar>Tajemnicza historia wampirów</towar>
  <towar>Wszystko o psach</towar>
  <towar>Wszystko o kotach</towar>
  <towar>Borówka wysoka</towar>
  <towar>Tajemnice zakonu</towar>
  <towar>Udręczona Rosja</towar>
  <towar>Altany, pergole, pawilony ogrodowe</towar>
  <towar>Kwiaty w domu</towar>
  <towar>Żywopłoty-zakładanie i pielęgnacja</towar>
  <towar>Wędzenie mięsa, kiełbas i ryb</towar>
  <towar>Cięcie roślin, fachowe rady</towar>
  <towar>Projektowanie ogrodu,fachowe rady</towar>
  <towar>Szkodniki i choroby roślin,fachowe rady</towar>
  <towar>Konstantynopol</towar>
  <towar>Przegląd pszczelarski 1(10) 2008</towar>
  <towar>Detektyw nr 3</towar>
  <towar>Koszmarny Karolek i drakońska dawka</towar>
  <towar>Wielkie marzenia</towar>
  <towar>Utajone miasto</towar>
  <towar>Dziwniejsze brzegi</towar>
  <towar>Zadyma w dzikim sadzie</towar>
  <towar>Dedykacja</towar>
  <towar>Willa Misteriów</towar>
  <towar>Małe zbrodnie małżeńskie</towar>
  <towar>Superman w literaturze masowej</towar>
  <towar>Nieśmiałość</towar>
  <towar>A co ciebie obchodzi co myślą inni</towar>
  <towar>Bergson</towar>
  <towar>Odnaleźć schronienie</towar>
  <towar>Grzechy w kratkę</towar>
  <towar>Leven</towar>
  <towar>Burza z krańców ziemi</towar>
  <towar>Coś niebieskiego</towar>
  <towar>Life in cold blood</towar>
  <towar>Earth-the power of the planet</towar>
  <towar>100 years of wildlife</towar>
  <towar>Planet Earth-the photographs</towar>
  <towar>Zabytki nr 3 (26) marzec 2008</towar>
  <towar>Straż nocna</towar>
  <towar>Drabina Dionizosa</towar>
  <towar>Wszystko za życie</towar>
  <towar>Kolekcjoner kości</towar>
  <towar>Gwiazdy i gwiazdki</towar>
  <towar>Hotel New Hampshire</towar>
  <towar>Stukostrachy</towar>
  <towar>Katyń</towar>
  <towar>Rzeczpospolita obojga narodów, 2 Calamitatis Regnum</towar>
  <towar>Pamiętnik</towar>
  <towar>Cienie dawnych lat</towar>
  <towar>Zanim Cię znajdę</towar>
  <towar>Kobiety u władzy</towar>
  <towar>Skazana na życie</towar>
  <towar>Kamień w sercu</towar>
  <towar>Rozważania o wojnie domowej</towar>
  <towar>Rzeczpospolita obojga narodów, 3 Dzieje Agonii</towar>
  <towar>Rzeczpospolita obojga narodów, 1 Srebrny wiek</towar>
  <towar>Podpalaczka</towar>
  <towar>Rozważna i romantyczna</towar>
  <towar>Samotność</towar>
  <towar>O kotach</towar>
  <towar>Czarownice z Salem Falls</towar>
  <towar>Marmurowe ogrody</towar>
  <towar>Podwójny krajobraz</towar>
  <towar>42 listy miłosne</towar>
  <towar>Jam jest Alina, czyli Janowska Story</towar>
  <towar>Korporacja zabójców</towar>
  <towar>Trzy podróże</towar>
  <towar>Wyspa palm</towar>
  <towar>Zielone miasto w słońcu</towar>
  <towar>O włos od śmierci</towar>
  <towar>Cena władzy</towar>
  <towar>Rasa mystica</towar>
  <towar>Wspinaczka na szczyt nieprawdopodobieństwa</towar>
  <towar>Zamarznięta ziemia</towar>
  <towar>Zimistrz</towar>
  <towar>Puste krzesło</towar>
  <towar>Moraliści europejscy</towar>
  <towar>Rozmnażanie roślin</towar>
  <towar>Pokuta</towar>
  <towar>Rok nie wyrok</towar>
  <towar>Mimo wszystko, wywiadu rzeki księga druga</towar>
  <towar>Warto być przyzwoitym</towar>
  <towar>Moje życie nielegalne</towar>
  <towar>Stach-miękka</towar>
  <towar>Moralny nieład</towar>
  <towar>Po tamtej stronie</towar>
  <towar>Zabili mnie we wtorek</towar>
  <towar>Człowiek nie jest sam</towar>
  <towar>Imperium Hiszpańskie</towar>
  <towar>Czarna śmierć-epidemie</towar>
  <towar>Dziczyzna</towar>
</towary>