﻿<config>
	<dataSource type="CSV">
		<filename>http://svn_serv/latestbuilds/KernelServices/PrintService.svc/GetAllDocumentsReport</filename>
	</dataSource>
	<defaultSlice name="Default Report">
		<axes>
			<axis name="rows">
				<hierarchy>
					<dimensionName>[Kategoria dokumentu]</dimensionName>
					<hierarchyName>[Kategoria dokumentu].[Kategoria dokumentu]</hierarchyName>
				</hierarchy>
				<hierarchy>
					<dimensionName>[Typ dokumentu]</dimensionName>
					<hierarchyName>[Typ dokumentu].[Typ dokumentu]</hierarchyName>
				</hierarchy>
			</axis>
			<axis name="columns">
				<!--hierarchy>
					<dimensionName>[Forma Płatności]</dimensionName>
					<hierarchyName>[Forma Płatności].[Forma Płatności]</hierarchyName>
				</hierarchy-->
				<hierarchy>
					<dimensionName>[Rok]</dimensionName>
					<hierarchyName>[Rok].[Rok]</hierarchyName>
				</hierarchy>
				<hierarchy>
					<dimensionName>[Rok-Miesiąc]</dimensionName>
					<hierarchyName>[Rok-Miesiąc].[Rok-Miesiąc]</hierarchyName>
				</hierarchy>
				<!--hierarchy>
					<dimensionName>[Measures]</dimensionName>
					<hierarchyName>[Measures]</hierarchyName>
				</hierarchy--> 
			</axis>
		</axes>
		<measures>
			<measure aggregation="Count">[Measures].[Numer dokumentu]</measure>
			<measure aggregation="Sum">[Measures].[Wartość netto]</measure>
		</measures>
	</defaultSlice>
	
	<style source="styles/skin.css"/>

	<params>
		<param name="configuratorActive">on</param>
		<param name="configuratorButton">on</param>
		<param name="viewType">grid</param>
		<param name="chartType">line</param>
		<param name="showChartZeroValues">off</param>
		<param name="showHeaders">on</param>
		<param name="fitGridlines">off</param>
		<param name="showTotals">on</param>
		<param name="showGrandTotals">on</param>
		<param name="expandAll">off</param>
		<param name="localSettingsURL">local.xml</param>
		<param name="exportHTMLTemplateURL">styles/misc/export.html</param>
		<param name="emptyDataWarning">off</param>
	</params>
	
 	<format>
		<param name="thousandsSeparator"><![CDATA[ ]]></param>
		<param name="decimalSeparator"><![CDATA[,]]></param>
		<param name="decimalPlaces">2</param> <!-- by default is -1. -1 means no formatting -->
		<param name="maxSymbols">22</param> <!-- max number of symbols in cell. by default is 10. -->
		<param name="maxDecimalPlaces">2</param>
		<param name="currencySymbol"></param> <!-- if you want format numbers as currency -->
		<param name="currencySymbolAlign">left</param> <!-- left or right / by default is left -->
	</format>	
</config>